X;Y;ID_ARBOL;ALTURA_TOT;DIAMETRO;INCLINACIO;ID_ESPECIE;NOMBRE_COM;NOMBRE_CIE;TIPO_FOLLA;ESPACIO_VE;UBICACION;NOMBRE_FAM;NOMBRE_GEN;ORIGEN;COORD_X;COORD_Y
-58,477563605867445;-34,645014530543939;1;6;35;0;53;WASHINGTONIA (PALMERA WASHINGTONIA);WASHINGTONIA FILIFERA;PALMERA;AVELLANEDA, NICOLAS, PRES.;DIRECTORIO, AV. - LACARRA, AV. - MONTE -  AUTOPISTA PERITO MORENO (AU 6) - AMEGHINO, FLORENTINO, DR.;ARECACEAS;WASHINGTONIA;EXOTICO;98.692.305.719;98.253.300.738
-58,477558703265714;-34,645046712418946;2;6;35;0;53;WASHINGTONIA (PALMERA WASHINGTONIA);WASHINGTONIA FILIFERA;PALMERA;AVELLANEDA, NICOLAS, PRES.;DIRECTORIO, AV. - LACARRA, AV. - MONTE -  AUTOPISTA PERITO MORENO (AU 6) - AMEGHINO, FLORENTINO, DR.;ARECACEAS;WASHINGTONIA;EXOTICO;98.692.751.564;98.249.733.979
-58,477550639657302;-34,64509097392547;3;6;35;0;53;WASHINGTONIA (PALMERA WASHINGTONIA);WASHINGTONIA FILIFERA;PALMERA;AVELLANEDA, NICOLAS, PRES.;DIRECTORIO, AV. - LACARRA, AV. - MONTE -  AUTOPISTA PERITO MORENO (AU 6) - AMEGHINO, FLORENTINO, DR.;ARECACEAS;WASHINGTONIA;EXOTICO;98.693.494.639;98.244.829.684
-58,478129291282471;-34,644567077408865;4;17;50;0;65;OMBU;PHYTOLACCA DIOICA;ARBOL LATIFOLIADO CADUCIFOLIO;AVELLANEDA, NICOLAS, PRES.;DIRECTORIO, AV. - LACARRA, AV. - MONTE -  AUTOPISTA PERITO MORENO (AU 6) - AMEGHINO, FLORENTINO, DR.;FITOLACACEAS;PHYTOLACCA;NATIVO/AUTOCTONO;98.640.439.091;98.302.938.142
-58,478121116463171;-34,644597907568169;5;17;50;0;65;OMBU;PHYTOLACCA DIOICA;ARBOL LATIFOLIADO CADUCIFOLIO;AVELLANEDA, NICOLAS, PRES.;DIRECTORIO, AV. - LACARRA, AV. - MONTE -  AUTOPISTA PERITO MORENO (AU 6) - AMEGHINO, FLORENTINO, DR.;FITOLACACEAS;PHYTOLACCA;NATIVO/AUTOCTONO;98.641.182.166;98.299.519.997
-58,478103345362804;-34,644640728043399;6;17;50;0;65;OMBU;PHYTOLACCA DIOICA;ARBOL LATIFOLIADO CADUCIFOLIO;AVELLANEDA, NICOLAS, PRES.;DIRECTORIO, AV. - LACARRA, AV. - MONTE -  AUTOPISTA PERITO MORENO (AU 6) - AMEGHINO, FLORENTINO, DR.;FITOLACACEAS;PHYTOLACCA;NATIVO/AUTOCTONO;98.642.816.930;98.294.764.318
-58,478095171509679;-34,644676876675199;7;17;50;0;65;OMBU;PHYTOLACCA DIOICA;ARBOL LATIFOLIADO CADUCIFOLIO;AVELLANEDA, NICOLAS, PRES.;DIRECTORIO, AV. - LACARRA, AV. - MONTE -  AUTOPISTA PERITO MORENO (AU 6) - AMEGHINO, FLORENTINO, DR.;FITOLACACEAS;PHYTOLACCA;NATIVO/AUTOCTONO;98.643.560.005;98.290.751.713
-58,47816488450529;-34,644169178854362;8;26;40;0;42;CATALPA;CATALPA BIGNONIOIDES;ARBOL LATIFOLIADO CADUCIFOLIO;AVELLANEDA, NICOLAS, PRES.;DIRECTORIO, AV. - LACARRA, AV. - MONTE -  AUTOPISTA PERITO MORENO (AU 6) - AMEGHINO, FLORENTINO, DR.;BIGNONIACEAS;CATALPA;EXOTICO;98.637.169.561;98.347.076.791
-58,478143728287598;-34,64419063572339;9;26;40;0;42;CATALPA;CATALPA BIGNONIOIDES;ARBOL LATIFOLIADO CADUCIFOLIO;AVELLANEDA, NICOLAS, PRES.;DIRECTORIO, AV. - LACARRA, AV. - MONTE -  AUTOPISTA PERITO MORENO (AU 6) - AMEGHINO, FLORENTINO, DR.;BIGNONIACEAS;CATALPA;EXOTICO;98.639.101.556;98.344.698.952
-58,478103259396342;-34,644175857283464;10;26;40;0;42;CATALPA;CATALPA BIGNONIOIDES;ARBOL LATIFOLIADO CADUCIFOLIO;AVELLANEDA, NICOLAS, PRES.;DIRECTORIO, AV. - LACARRA, AV. - MONTE -  AUTOPISTA PERITO MORENO (AU 6) - AMEGHINO, FLORENTINO, DR.;BIGNONIACEAS;CATALPA;EXOTICO;98.642.816.930;98.346.333.716
-58,455624677627902;-34,684154119808461;11;10;35;0;31;CEIBO;ERYTHRINA CRISTA-GALLI;ARBOL LATIFOLIADO CADUCIFOLIO;DE LAS VICTORIAS;LARRAZABAL, AV. - FERNANDEZ DE LA CRUZ, FRANCISCO, GRAL., AV. - ROCA, CNEL., AV.;LEGUMINOSAS;ERYTHRINA;NATIVO/AUTOCTONO;100.703.371.379;93.911.454.569
-58,455609851233163;-34,683981855563736;12;10;35;0;31;CEIBO;ERYTHRINA CRISTA-GALLI;ARBOL LATIFOLIADO CADUCIFOLIO;DE LAS VICTORIAS;LARRAZABAL, AV. - FERNANDEZ DE LA CRUZ, FRANCISCO, GRAL., AV. - ROCA, CNEL., AV.;LEGUMINOSAS;ERYTHRINA;NATIVO/AUTOCTONO;100.704.736.154;93.930.561.413
-58,4554199488745;-34,684258673696938;13;10;35;0;31;CEIBO;ERYTHRINA CRISTA-GALLI;ARBOL LATIFOLIADO CADUCIFOLIO;DE LAS VICTORIAS;LARRAZABAL, AV. - FERNANDEZ DE LA CRUZ, FRANCISCO, GRAL., AV. - ROCA, CNEL., AV.;LEGUMINOSAS;ERYTHRINA;NATIVO/AUTOCTONO;100.722.137.029;93.899.853.986
-58,45533429988631;-34,684092625041977;14;10;35;0;31;CEIBO;ERYTHRINA CRISTA-GALLI;ARBOL LATIFOLIADO CADUCIFOLIO;DE LAS VICTORIAS;LARRAZABAL, AV. - FERNANDEZ DE LA CRUZ, FRANCISCO, GRAL., AV. - ROCA, CNEL., AV.;LEGUMINOSAS;ERYTHRINA;NATIVO/AUTOCTONO;100.729.984.482;93.918.278.442
-58,454840978644178;-34,683720393537428;15;5;12;0;58;BRACHICHITON (ARBOL BOTELLA, BRACHICHITO);BRACHYCHITON POPULNEUS;ARBOL LATIFOLIADO PERENNE;DE LAS VICTORIAS;LARRAZABAL, AV. - FERNANDEZ DE LA CRUZ, FRANCISCO, GRAL., AV. - ROCA, CNEL., AV.;ESTERCULIACEAS;BRACHYCHITON;EXOTICO;100.775.192.639;93.959.562.871
-58,454729354947041;-34,683603560878723;16;5;12;0;58;BRACHICHITON (ARBOL BOTELLA, BRACHICHITO);BRACHYCHITON POPULNEUS;ARBOL LATIFOLIADO PERENNE;DE LAS VICTORIAS;LARRAZABAL, AV. - FERNANDEZ DE LA CRUZ, FRANCISCO, GRAL., AV. - ROCA, CNEL., AV.;ESTERCULIACEAS;BRACHYCHITON;EXOTICO;100.785.428.448;93.972.528.229
-58,454625039943579;-34,683517377242389;17;5;12;0;58;BRACHICHITON (ARBOL BOTELLA, BRACHICHITO);BRACHYCHITON POPULNEUS;ARBOL LATIFOLIADO PERENNE;DE LAS VICTORIAS;LARRAZABAL, AV. - FERNANDEZ DE LA CRUZ, FRANCISCO, GRAL., AV. - ROCA, CNEL., AV.;ESTERCULIACEAS;BRACHYCHITON;EXOTICO;100.794.981.869;93.982.081.651
-58,454487334530242;-34,683415866948913;18;5;12;0;58;BRACHICHITON (ARBOL BOTELLA, BRACHICHITO);BRACHYCHITON POPULNEUS;ARBOL LATIFOLIADO PERENNE;DE LAS VICTORIAS;LARRAZABAL, AV. - FERNANDEZ DE LA CRUZ, FRANCISCO, GRAL., AV. - ROCA, CNEL., AV.;ESTERCULIACEAS;BRACHYCHITON;EXOTICO;100.807.606.034;93.993.341.041
-58,454353339685532;-34,68331435675239;19;5;12;0;58;BRACHICHITON (ARBOL BOTELLA, BRACHICHITO);BRACHYCHITON POPULNEUS;ARBOL LATIFOLIADO PERENNE;DE LAS VICTORIAS;LARRAZABAL, AV. - FERNANDEZ DE LA CRUZ, FRANCISCO, GRAL., AV. - ROCA, CNEL., AV.;ESTERCULIACEAS;BRACHYCHITON;EXOTICO;100.819.889.004;94.004.600.431
-58,454249026048039;-34,683222133204602;20;5;12;0;58;BRACHICHITON (ARBOL BOTELLA, BRACHICHITO);BRACHYCHITON POPULNEUS;ARBOL LATIFOLIADO PERENNE;DE LAS VICTORIAS;LARRAZABAL, AV. - FERNANDEZ DE LA CRUZ, FRANCISCO, GRAL., AV. - ROCA, CNEL., AV.;ESTERCULIACEAS;BRACHYCHITON;EXOTICO;100.829.442.426;94.014.836.240
-58,454133692680976;-34,683114494326993;21;5;12;0;58;BRACHICHITON (ARBOL BOTELLA, BRACHICHITO);BRACHYCHITON POPULNEUS;ARBOL LATIFOLIADO PERENNE;DE LAS VICTORIAS;LARRAZABAL, AV. - FERNANDEZ DE LA CRUZ, FRANCISCO, GRAL., AV. - ROCA, CNEL., AV.;ESTERCULIACEAS;BRACHYCHITON;EXOTICO;100.840.019.429;94.026.778.017
-58,465400449928765;-34,666569342663955;154;12;15;0;214;ALAMO NEGRO DEL CANADA;POPULUS X CANADENSIS;ARBOL LATIFOLIADO CADUCIFOLIO;INDOAMERICANO;LACARRA, AV. - ESCALADA, AV. - CASTAÃ‘ARES, AV. - FERNANDEZ  DE LA CRUZ, FRANCISCO, GRAL. AV.;SALICACEAS;POPULUS;EXOTICO;99.807.495.663;95.862.235.776
-58,465384631089066;-34,666601163604099;155;12;15;0;214;ALAMO NEGRO DEL CANADA;POPULUS X CANADENSIS;ARBOL LATIFOLIADO CADUCIFOLIO;INDOAMERICANO;LACARRA, AV. - ESCALADA, AV. - CASTAÃ‘ARES, AV. - FERNANDEZ  DE LA CRUZ, FRANCISCO, GRAL. AV.;SALICACEAS;POPULUS;EXOTICO;99.808.947.849;95.858.709.041
-58,465384629036166;-34,666537522422409;156;12;15;0;214;ALAMO NEGRO DEL CANADA;POPULUS X CANADENSIS;ARBOL LATIFOLIADO CADUCIFOLIO;INDOAMERICANO;LACARRA, AV. - ESCALADA, AV. - CASTAÃ‘ARES, AV. - FERNANDEZ  DE LA CRUZ, FRANCISCO, GRAL. AV.;SALICACEAS;POPULUS;EXOTICO;99.808.947.849;95.865.762.511
-58,465370991946102;-34,666559968407896;157;12;15;0;214;ALAMO NEGRO DEL CANADA;POPULUS X CANADENSIS;ARBOL LATIFOLIADO CADUCIFOLIO;INDOAMERICANO;LACARRA, AV. - ESCALADA, AV. - CASTAÃ‘ARES, AV. - FERNANDEZ  DE LA CRUZ, FRANCISCO, GRAL. AV.;SALICACEAS;POPULUS;EXOTICO;99.810.192.579;95.863.273.051
-58,465368701813695;-34,666591789048901;158;12;15;0;214;ALAMO NEGRO DEL CANADA;POPULUS X CANADENSIS;ARBOL LATIFOLIADO CADUCIFOLIO;INDOAMERICANO;LACARRA, AV. - ESCALADA, AV. - CASTAÃ‘ARES, AV. - FERNANDEZ  DE LA CRUZ, FRANCISCO, GRAL. AV.;SALICACEAS;POPULUS;EXOTICO;99.810.400.034;95.859.746.316
-58,464145585896496;-34,668481393596316;1070;21;32;0;330;EUCALIPTO;EUCALYPTUS SP.;ARBOL LATIFOLIADO PERENNE;INDOAMERICANO;LACARRA, AV. - ESCALADA, AV. - CASTAÃ‘ARES, AV. - FERNANDEZ  DE LA CRUZ, FRANCISCO, GRAL. AV.;MIRTACEAS;EUCALYPTUS;EXOTICO;99.922.510.768;95.650.121.454
-58,464145570800376;-34,667612322088836;1071;21;32;0;330;EUCALIPTO;EUCALYPTUS SP.;ARBOL LATIFOLIADO PERENNE;INDOAMERICANO;LACARRA, AV. - ESCALADA, AV. - CASTAÃ‘ARES, AV. - FERNANDEZ  DE LA CRUZ, FRANCISCO, GRAL. AV.;MIRTACEAS;EUCALYPTUS;EXOTICO;99.922.510.768;95.746.539.268
-58,464136746915145;-34,668396028005894;1072;21;32;0;330;EUCALIPTO;EUCALYPTUS SP.;ARBOL LATIFOLIADO PERENNE;INDOAMERICANO;LACARRA, AV. - ESCALADA, AV. - CASTAÃ‘ARES, AV. - FERNANDEZ  DE LA CRUZ, FRANCISCO, GRAL. AV.;MIRTACEAS;EUCALYPTUS;EXOTICO;99.923.327.868;95.659.599.815
-58,464127786233369;-34,667575453688016;1073;21;32;0;330;EUCALIPTO;EUCALYPTUS SP.;ARBOL LATIFOLIADO PERENNE;INDOAMERICANO;LACARRA, AV. - ESCALADA, AV. - CASTAÃ‘ARES, AV. - FERNANDEZ  DE LA CRUZ, FRANCISCO, GRAL. AV.;MIRTACEAS;EUCALYPTUS;EXOTICO;99.924.144.968;95.750.624.769
-58,464122442335942;-34,667703637524617;1074;21;32;0;330;EUCALIPTO;EUCALYPTUS SP.;ARBOL LATIFOLIADO PERENNE;INDOAMERICANO;LACARRA, AV. - ESCALADA, AV. - CASTAÃ‘ARES, AV. - FERNANDEZ  DE LA CRUZ, FRANCISCO, GRAL. AV.;MIRTACEAS;EUCALYPTUS;EXOTICO;99.924.635.228;95.736.407.227
-58,464120701223706;-34,667970281420914;1075;21;32;0;330;EUCALIPTO;EUCALYPTUS SP.;ARBOL LATIFOLIADO PERENNE;INDOAMERICANO;LACARRA, AV. - ESCALADA, AV. - CASTAÃ‘ARES, AV. - FERNANDEZ  DE LA CRUZ, FRANCISCO, GRAL. AV.;MIRTACEAS;EUCALYPTUS;EXOTICO;99.924.798.648;95.706.828.202
-58,464118838462561;-34,66750180671427;1076;21;32;0;330;EUCALIPTO;EUCALYPTUS SP.;ARBOL LATIFOLIADO PERENNE;INDOAMERICANO;LACARRA, AV. - ESCALADA, AV. - CASTAÃ‘ARES, AV. - FERNANDEZ  DE LA CRUZ, FRANCISCO, GRAL. AV.;MIRTACEAS;EUCALYPTUS;EXOTICO;99.924.962.068;95.758.795.770
-58,464113496782204;-34,667761058910607;1077;21;32;0;330;EUCALIPTO;EUCALYPTUS SP.;ARBOL LATIFOLIADO PERENNE;INDOAMERICANO;LACARRA, AV. - ESCALADA, AV. - CASTAÃ‘ARES, AV. - FERNANDEZ  DE LA CRUZ, FRANCISCO, GRAL. AV.;MIRTACEAS;EUCALYPTUS;EXOTICO;99.925.452.328;95.730.033.846
-58,464111756565295;-34,668082239497643;1078;21;32;0;330;EUCALIPTO;EUCALYPTUS SP.;ARBOL LATIFOLIADO PERENNE;INDOAMERICANO;LACARRA, AV. - ESCALADA, AV. - CASTAÃ‘ARES, AV. - FERNANDEZ  DE LA CRUZ, FRANCISCO, GRAL. AV.;MIRTACEAS;EUCALYPTUS;EXOTICO;99.925.615.748;95.694.408.280
-58,464110003530102;-34,667647658679478;1079;21;32;0;330;EUCALIPTO;EUCALYPTUS SP.;ARBOL LATIFOLIADO PERENNE;INDOAMERICANO;LACARRA, AV. - ESCALADA, AV. - CASTAÃ‘ARES, AV. - FERNANDEZ  DE LA CRUZ, FRANCISCO, GRAL. AV.;MIRTACEAS;EUCALYPTUS;EXOTICO;99.925.779.168;95.742.617.188
-58,464106407207154;-34,667890685055582;1080;21;32;0;330;EUCALIPTO;EUCALYPTUS SP.;ARBOL LATIFOLIADO PERENNE;INDOAMERICANO;LACARRA, AV. - ESCALADA, AV. - CASTAÃ‘ARES, AV. - FERNANDEZ  DE LA CRUZ, FRANCISCO, GRAL. AV.;MIRTACEAS;EUCALYPTUS;EXOTICO;99.926.106.008;95.715.652.883
-58,464102799119161;-34,667436993864605;1081;21;32;0;330;EUCALIPTO;EUCALYPTUS SP.;ARBOL LATIFOLIADO PERENNE;INDOAMERICANO;LACARRA, AV. - ESCALADA, AV. - CASTAÃ‘ARES, AV. - FERNANDEZ  DE LA CRUZ, FRANCISCO, GRAL. AV.;MIRTACEAS;EUCALYPTUS;EXOTICO;99.926.432.848;95.765.986.251
-58,464101065935161;-34,668177971799018;1082;21;32;0;330;EUCALIPTO;EUCALYPTUS SP.;ARBOL LATIFOLIADO PERENNE;INDOAMERICANO;LACARRA, AV. - ESCALADA, AV. - CASTAÃ‘ARES, AV. - FERNANDEZ  DE LA CRUZ, FRANCISCO, GRAL. AV.;MIRTACEAS;EUCALYPTUS;EXOTICO;99.926.596.269;95.683.785.979
-58,464092108561594;-34,667532726175295;1083;21;32;0;330;EUCALIPTO;EUCALYPTUS SP.;ARBOL LATIFOLIADO PERENNE;INDOAMERICANO;LACARRA, AV. - ESCALADA, AV. - CASTAÃ‘ARES, AV. - FERNANDEZ  DE LA CRUZ, FRANCISCO, GRAL. AV.;MIRTACEAS;EUCALYPTUS;EXOTICO;99.927.413.369;95.755.363.949
-58,464083175223301;-34,668325266142496;1084;21;32;0;330;EUCALIPTO;EUCALYPTUS SP.;ARBOL LATIFOLIADO PERENNE;INDOAMERICANO;LACARRA, AV. - ESCALADA, AV. - CASTAÃ‘ARES, AV. - FERNANDEZ  DE LA CRUZ, FRANCISCO, GRAL. AV.;MIRTACEAS;EUCALYPTUS;EXOTICO;99.928.230.469;95.667.443.976
-58,464083163201579;-34,667601956333172;1085;21;32;0;330;EUCALIPTO;EUCALYPTUS SP.;ARBOL LATIFOLIADO PERENNE;INDOAMERICANO;LACARRA, AV. - ESCALADA, AV. - CASTAÃ‘ARES, AV. - FERNANDEZ  DE LA CRUZ, FRANCISCO, GRAL. AV.;MIRTACEAS;EUCALYPTUS;EXOTICO;99.928.230.469;95.747.683.208
-58,464074327953334;-34,667733114935579;1086;21;32;0;330;EUCALIPTO;EUCALYPTUS SP.;ARBOL LATIFOLIADO PERENNE;INDOAMERICANO;LACARRA, AV. - ESCALADA, AV. - CASTAÃ‘ARES, AV. - FERNANDEZ  DE LA CRUZ, FRANCISCO, GRAL. AV.;MIRTACEAS;EUCALYPTUS;EXOTICO;99.929.047.569;95.733.138.826
-58,464074326979777;-34,667674161217306;1087;21;32;0;330;EUCALIPTO;EUCALYPTUS SP.;ARBOL LATIFOLIADO PERENNE;INDOAMERICANO;LACARRA, AV. - ESCALADA, AV. - CASTAÃ‘ARES, AV. - FERNANDEZ  DE LA CRUZ, FRANCISCO, GRAL. AV.;MIRTACEAS;EUCALYPTUS;EXOTICO;99.929.047.569;95.739.675.627
-58,464074336565204;-34,668254593901935;1088;21;32;0;330;EUCALIPTO;EUCALYPTUS SP.;ARBOL LATIFOLIADO PERENNE;INDOAMERICANO;LACARRA, AV. - ESCALADA, AV. - CASTAÃ‘ARES, AV. - FERNANDEZ  DE LA CRUZ, FRANCISCO, GRAL. AV.;MIRTACEAS;EUCALYPTUS;EXOTICO;99.929.047.569;95.675.288.137
-58,4640671387981;-34,66844605833203;1089;21;32;0;330;EUCALIPTO;EUCALYPTUS SP.;ARBOL LATIFOLIADO PERENNE;INDOAMERICANO;LACARRA, AV. - ESCALADA, AV. - CASTAÃ‘ARES, AV. - FERNANDEZ  DE LA CRUZ, FRANCISCO, GRAL. AV.;MIRTACEAS;EUCALYPTUS;EXOTICO;99.929.701.249;95.654.043.534
-58,464067122633146;-34,667462054108356;1090;21;32;0;330;EUCALIPTO;EUCALYPTUS SP.;ARBOL LATIFOLIADO PERENNE;INDOAMERICANO;LACARRA, AV. - ESCALADA, AV. - CASTAÃ‘ARES, AV. - FERNANDEZ  DE LA CRUZ, FRANCISCO, GRAL. AV.;MIRTACEAS;EUCALYPTUS;EXOTICO;99.929.701.249;95.763.208.111
-58,464065385915738;-34,668007060517688;1091;21;32;0;330;EUCALIPTO;EUCALYPTUS SP.;ARBOL LATIFOLIADO PERENNE;INDOAMERICANO;LACARRA, AV. - ESCALADA, AV. - CASTAÃ‘ARES, AV. - FERNANDEZ  DE LA CRUZ, FRANCISCO, GRAL. AV.;MIRTACEAS;EUCALYPTUS;EXOTICO;99.929.864.669;95.702.742.701
-58,464058290762793;-34,66780081273302;1092;21;32;0;330;EUCALIPTO;EUCALYPTUS SP.;ARBOL LATIFOLIADO PERENNE;INDOAMERICANO;LACARRA, AV. - ESCALADA, AV. - CASTAÃ‘ARES, AV. - FERNANDEZ  DE LA CRUZ, FRANCISCO, GRAL. AV.;MIRTACEAS;EUCALYPTUS;EXOTICO;99.930.518.349;95.725.621.505
-58,464056432151807;-34,667565178166321;1093;21;32;0;330;EUCALIPTO;EUCALYPTUS SP.;ARBOL LATIFOLIADO PERENNE;INDOAMERICANO;LACARRA, AV. - ESCALADA, AV. - CASTAÃ‘ARES, AV. - FERNANDEZ  DE LA CRUZ, FRANCISCO, GRAL. AV.;MIRTACEAS;EUCALYPTUS;EXOTICO;99.930.681.769;95.751.768.709
-58,464047600609433;-34,667927554328294;1094;21;32;0;330;EUCALIPTO;EUCALYPTUS SP.;ARBOL LATIFOLIADO PERENNE;INDOAMERICANO;LACARRA, AV. - ESCALADA, AV. - CASTAÃ‘ARES, AV. - FERNANDEZ  DE LA CRUZ, FRANCISCO, GRAL. AV.;MIRTACEAS;EUCALYPTUS;EXOTICO;99.931.498.869;95.711.567.383
-58,464044004782231;-34,668213308612216;1095;21;32;0;330;EUCALIPTO;EUCALYPTUS SP.;ARBOL LATIFOLIADO PERENNE;INDOAMERICANO;LACARRA, AV. - ESCALADA, AV. - CASTAÃ‘ARES, AV. - FERNANDEZ  DE LA CRUZ, FRANCISCO, GRAL. AV.;MIRTACEAS;EUCALYPTUS;EXOTICO;99.931.825.709;95.679.863.898
-58,464042249793657;-34,667635850671829;1096;21;32;0;330;EUCALIPTO;EUCALYPTUS SP.;ARBOL LATIFOLIADO PERENNE;INDOAMERICANO;LACARRA, AV. - ESCALADA, AV. - CASTAÃ‘ARES, AV. - FERNANDEZ  DE LA CRUZ, FRANCISCO, GRAL. AV.;MIRTACEAS;EUCALYPTUS;EXOTICO;99.931.989.129;95.743.924.548
-58,464029699405963;-34,667420768889016;1097;21;32;0;330;EUCALIPTO;EUCALYPTUS SP.;ARBOL LATIFOLIADO PERENNE;INDOAMERICANO;LACARRA, AV. - ESCALADA, AV. - CASTAÃ‘ARES, AV. - FERNANDEZ  DE LA CRUZ, FRANCISCO, GRAL. AV.;MIRTACEAS;EUCALYPTUS;EXOTICO;99.933.133.069;95.767.783.871
-58,464026209263061;-34,667494416006228;1098;21;32;0;330;EUCALIPTO;EUCALYPTUS SP.;ARBOL LATIFOLIADO PERENNE;INDOAMERICANO;LACARRA, AV. - ESCALADA, AV. - CASTAÃ‘ARES, AV. - FERNANDEZ  DE LA CRUZ, FRANCISCO, GRAL. AV.;MIRTACEAS;EUCALYPTUS;EXOTICO;99.933.459.910;95.759.612.870
-58,464022612047323;-34,66769624689789;1099;21;32;0;330;EUCALIPTO;EUCALYPTUS SP.;ARBOL LATIFOLIADO PERENNE;INDOAMERICANO;LACARRA, AV. - ESCALADA, AV. - CASTAÃ‘ARES, AV. - FERNANDEZ  DE LA CRUZ, FRANCISCO, GRAL. AV.;MIRTACEAS;EUCALYPTUS;EXOTICO;99.933.786.750;95.737.224.327
-58,464017264201914;-34,667585731268701;1100;21;32;0;330;EUCALIPTO;EUCALYPTUS SP.;ARBOL LATIFOLIADO PERENNE;INDOAMERICANO;LACARRA, AV. - ESCALADA, AV. - CASTAÃ‘ARES, AV. - FERNANDEZ  DE LA CRUZ, FRANCISCO, GRAL. AV.;MIRTACEAS;EUCALYPTUS;EXOTICO;99.934.277.010;95.749.480.829
-58,464017272829985;-34,668130827790719;1101;21;32;0;330;EUCALIPTO;EUCALYPTUS SP.;ARBOL LATIFOLIADO PERENNE;INDOAMERICANO;LACARRA, AV. - ESCALADA, AV. - CASTAÃ‘ARES, AV. - FERNANDEZ  DE LA CRUZ, FRANCISCO, GRAL. AV.;MIRTACEAS;EUCALYPTUS;EXOTICO;99.934.277.010;95.689.015.419
-58,464006584352219;-34,668370969635738;1102;21;32;0;330;EUCALIPTO;EUCALYPTUS SP.;ARBOL LATIFOLIADO PERENNE;INDOAMERICANO;LACARRA, AV. - ESCALADA, AV. - CASTAÃ‘ARES, AV. - FERNANDEZ  DE LA CRUZ, FRANCISCO, GRAL. AV.;MIRTACEAS;EUCALYPTUS;EXOTICO;99.935.257.530;95.662.377.955
-58,464002975726153;-34,667849490717856;1103;21;32;0;330;EUCALIPTO;EUCALYPTUS SP.;ARBOL LATIFOLIADO PERENNE;INDOAMERICANO;LACARRA, AV. - ESCALADA, AV. - CASTAÃ‘ARES, AV. - FERNANDEZ  DE LA CRUZ, FRANCISCO, GRAL. AV.;MIRTACEAS;EUCALYPTUS;EXOTICO;99.935.584.370;95.720.228.644
-58,464001228929924;-34,667777285954386;1104;21;32;0;330;EUCALIPTO;EUCALYPTUS SP.;ARBOL LATIFOLIADO PERENNE;INDOAMERICANO;LACARRA, AV. - ESCALADA, AV. - CASTAÃ‘ARES, AV. - FERNANDEZ  DE LA CRUZ, FRANCISCO, GRAL. AV.;MIRTACEAS;EUCALYPTUS;EXOTICO;99.935.747.790;95.728.236.225
-58,46400122508355;-34,667531284886358;1105;21;32;0;330;EUCALIPTO;EUCALYPTUS SP.;ARBOL LATIFOLIADO PERENNE;INDOAMERICANO;LACARRA, AV. - ESCALADA, AV. - CASTAÃ‘ARES, AV. - FERNANDEZ  DE LA CRUZ, FRANCISCO, GRAL. AV.;MIRTACEAS;EUCALYPTUS;EXOTICO;99.935.747.790;95.755.527.369
-58,464001223885511;-34,667454663078608;1106;21;32;0;330;EUCALIPTO;EUCALYPTUS SP.;ARBOL LATIFOLIADO PERENNE;INDOAMERICANO;LACARRA, AV. - ESCALADA, AV. - CASTAÃ‘ARES, AV. - FERNANDEZ  DE LA CRUZ, FRANCISCO, GRAL. AV.;MIRTACEAS;EUCALYPTUS;EXOTICO;99.935.747.790;95.764.025.211
-58,464001233237269;-34,668052763870001;1107;21;32;0;330;EUCALIPTO;EUCALYPTUS SP.;ARBOL LATIFOLIADO PERENNE;INDOAMERICANO;LACARRA, AV. - ESCALADA, AV. - CASTAÃ‘ARES, AV. - FERNANDEZ  DE LA CRUZ, FRANCISCO, GRAL. AV.;MIRTACEAS;EUCALYPTUS;EXOTICO;99.935.747.790;95.697.676.681
-58,463990535927678;-34,667725724100769;1108;21;32;0;330;EUCALIPTO;EUCALYPTUS SP.;ARBOL LATIFOLIADO PERENNE;INDOAMERICANO;LACARRA, AV. - ESCALADA, AV. - CASTAÃ‘ARES, AV. - FERNANDEZ  DE LA CRUZ, FRANCISCO, GRAL. AV.;MIRTACEAS;EUCALYPTUS;EXOTICO;99.936.728.310;95.733.955.926
-58,46398159851541;-34,668317875502744;1109;21;32;0;330;EUCALIPTO;EUCALYPTUS SP.;ARBOL LATIFOLIADO PERENNE;INDOAMERICANO;LACARRA, AV. - ESCALADA, AV. - CASTAÃ‘ARES, AV. - FERNANDEZ  DE LA CRUZ, FRANCISCO, GRAL. AV.;MIRTACEAS;EUCALYPTUS;EXOTICO;99.937.545.410;95.668.261.076
-58,463981593094438;-34,667965865941085;1110;21;32;0;330;EUCALIPTO;EUCALYPTUS SP.;ARBOL LATIFOLIADO PERENNE;INDOAMERICANO;LACARRA, AV. - ESCALADA, AV. - CASTAÃ‘ARES, AV. - FERNANDEZ  DE LA CRUZ, FRANCISCO, GRAL. AV.;MIRTACEAS;EUCALYPTUS;EXOTICO;99.937.545.410;95.707.318.462
-58,463974496730792;-34,667666770551136;1111;21;32;0;330;EUCALIPTO;EUCALYPTUS SP.;ARBOL LATIFOLIADO PERENNE;INDOAMERICANO;LACARRA, AV. - ESCALADA, AV. - CASTAÃ‘ARES, AV. - FERNANDEZ  DE LA CRUZ, FRANCISCO, GRAL. AV.;MIRTACEAS;EUCALYPTUS;EXOTICO;99.938.199.090;95.740.492.727
-58,463974494001555;-34,667488557243111;1112;21;32;0;330;EUCALIPTO;EUCALYPTUS SP.;ARBOL LATIFOLIADO PERENNE;INDOAMERICANO;LACARRA, AV. - ESCALADA, AV. - CASTAÃ‘ARES, AV. - FERNANDEZ  DE LA CRUZ, FRANCISCO, GRAL. AV.;MIRTACEAS;EUCALYPTUS;EXOTICO;99.938.199.090;95.760.266.550
-58,463969146817661;-34,667416352512497;1113;21;32;0;330;EUCALIPTO;EUCALYPTUS SP.;ARBOL LATIFOLIADO PERENNE;INDOAMERICANO;LACARRA, AV. - ESCALADA, AV. - CASTAÃ‘ARES, AV. - FERNANDEZ  DE LA CRUZ, FRANCISCO, GRAL. AV.;MIRTACEAS;EUCALYPTUS;EXOTICO;99.938.689.350;95.768.274.131
-58,463967298044921;-34,667809647756101;1114;21;32;0;330;EUCALIPTO;EUCALYPTUS SP.;ARBOL LATIFOLIADO PERENNE;INDOAMERICANO;LACARRA, AV. - ESCALADA, AV. - CASTAÃ‘ARES, AV. - FERNANDEZ  DE LA CRUZ, FRANCISCO, GRAL. AV.;MIRTACEAS;EUCALYPTUS;EXOTICO;99.938.852.770;95.724.640.985
-58,463958457624791;-34,667612324163905;1115;21;32;0;330;EUCALIPTO;EUCALYPTUS SP.;ARBOL LATIFOLIADO PERENNE;INDOAMERICANO;LACARRA, AV. - ESCALADA, AV. - CASTAÃ‘ARES, AV. - FERNANDEZ  DE LA CRUZ, FRANCISCO, GRAL. AV.;MIRTACEAS;EUCALYPTUS;EXOTICO;99.939.669.870;95.746.539.268
-58,46395846749256;-34,668264871488326;1116;21;32;0;330;EUCALIPTO;EUCALYPTUS SP.;ARBOL LATIFOLIADO PERENNE;INDOAMERICANO;LACARRA, AV. - ESCALADA, AV. - CASTAÃ‘ARES, AV. - FERNANDEZ  DE LA CRUZ, FRANCISCO, GRAL. AV.;MIRTACEAS;EUCALYPTUS;EXOTICO;99.939.669.870;95.674.144.197
-58,463954865770404;-34,668180948120195;1117;21;32;0;330;EUCALIPTO;EUCALYPTUS SP.;ARBOL LATIFOLIADO PERENNE;INDOAMERICANO;LACARRA, AV. - ESCALADA, AV. - CASTAÃ‘ARES, AV. - FERNANDEZ  DE LA CRUZ, FRANCISCO, GRAL. AV.;MIRTACEAS;EUCALYPTUS;EXOTICO;99.939.996.711;95.683.459.139
-58,463944172325888;-34,668101351701488;1118;21;32;0;330;EUCALIPTO;EUCALYPTUS SP.;ARBOL LATIFOLIADO PERENNE;INDOAMERICANO;LACARRA, AV. - ESCALADA, AV. - CASTAÃ‘ARES, AV. - FERNANDEZ  DE LA CRUZ, FRANCISCO, GRAL. AV.;MIRTACEAS;EUCALYPTUS;EXOTICO;99.940.977.231;95.692.283.820
-58,463944167040367;-34,667747809691214;1119;21;32;0;330;EUCALIPTO;EUCALYPTUS SP.;ARBOL LATIFOLIADO PERENNE;INDOAMERICANO;LACARRA, AV. - ESCALADA, AV. - CASTAÃ‘ARES, AV. - FERNANDEZ  DE LA CRUZ, FRANCISCO, GRAL. AV.;MIRTACEAS;EUCALYPTUS;EXOTICO;99.940.977.231;95.731.504.626
-58,463944162657825;-34,667454663674278;1120;21;32;0;330;EUCALIPTO;EUCALYPTUS SP.;ARBOL LATIFOLIADO PERENNE;INDOAMERICANO;LACARRA, AV. - ESCALADA, AV. - CASTAÃ‘ARES, AV. - FERNANDEZ  DE LA CRUZ, FRANCISCO, GRAL. AV.;MIRTACEAS;EUCALYPTUS;EXOTICO;99.940.977.231;95.764.025.211
-58,463942309522054;-34,667563646946519;1121;21;32;0;330;EUCALIPTO;EUCALYPTUS SP.;ARBOL LATIFOLIADO PERENNE;INDOAMERICANO;LACARRA, AV. - ESCALADA, AV. - CASTAÃ‘ARES, AV. - FERNANDEZ  DE LA CRUZ, FRANCISCO, GRAL. AV.;MIRTACEAS;EUCALYPTUS;EXOTICO;99.941.140.651;95.751.932.129
-58,463942308818289;-34,66751650199928;1122;21;32;0;330;EUCALIPTO;EUCALYPTUS SP.;ARBOL LATIFOLIADO PERENNE;INDOAMERICANO;LACARRA, AV. - ESCALADA, AV. - CASTAÃ‘ARES, AV. - FERNANDEZ  DE LA CRUZ, FRANCISCO, GRAL. AV.;MIRTACEAS;EUCALYPTUS;EXOTICO;99.941.140.651;95.757.161.570
-58,463935219828272;-34,66770210712918;1123;21;32;0;330;EUCALIPTO;EUCALYPTUS SP.;ARBOL LATIFOLIADO PERENNE;INDOAMERICANO;LACARRA, AV. - ESCALADA, AV. - CASTAÃ‘ARES, AV. - FERNANDEZ  DE LA CRUZ, FRANCISCO, GRAL. AV.;MIRTACEAS;EUCALYPTUS;EXOTICO;99.941.794.331;95.736.570.647
-58,463929876671848;-34,667901053443416;1124;21;32;0;330;EUCALIPTO;EUCALYPTUS SP.;ARBOL LATIFOLIADO PERENNE;INDOAMERICANO;LACARRA, AV. - ESCALADA, AV. - CASTAÃ‘ARES, AV. - FERNANDEZ  DE LA CRUZ, FRANCISCO, GRAL. AV.;MIRTACEAS;EUCALYPTUS;EXOTICO;99.942.284.591;95.714.508.943
-58,463922792014834;-34,66838566386123;1125;21;32;0;330;EUCALIPTO;EUCALYPTUS SP.;ARBOL LATIFOLIADO PERENNE;INDOAMERICANO;LACARRA, AV. - ESCALADA, AV. - CASTAÃ‘ARES, AV. - FERNANDEZ  DE LA CRUZ, FRANCISCO, GRAL. AV.;MIRTACEAS;EUCALYPTUS;EXOTICO;99.942.938.271;95.660.743.755
-58,463920926533767;-34,667656494763101;1126;21;32;0;330;EUCALIPTO;EUCALYPTUS SP.;ARBOL LATIFOLIADO PERENNE;INDOAMERICANO;LACARRA, AV. - ESCALADA, AV. - CASTAÃ‘ARES, AV. - FERNANDEZ  DE LA CRUZ, FRANCISCO, GRAL. AV.;MIRTACEAS;EUCALYPTUS;EXOTICO;99.943.101.691;95.741.636.667
-58,463917440487428;-34,668017428563815;1127;21;32;0;330;EUCALIPTO;EUCALYPTUS SP.;ARBOL LATIFOLIADO PERENNE;INDOAMERICANO;LACARRA, AV. - ESCALADA, AV. - CASTAÃ‘ARES, AV. - FERNANDEZ  DE LA CRUZ, FRANCISCO, GRAL. AV.;MIRTACEAS;EUCALYPTUS;EXOTICO;99.943.428.531;95.701.598.761
-58,463910237024784;-34,667840657630521;1128;21;32;0;330;EUCALIPTO;EUCALYPTUS SP.;ARBOL LATIFOLIADO PERENNE;INDOAMERICANO;LACARRA, AV. - ESCALADA, AV. - CASTAÃ‘ARES, AV. - FERNANDEZ  DE LA CRUZ, FRANCISCO, GRAL. AV.;MIRTACEAS;EUCALYPTUS;EXOTICO;99.944.082.211;95.721.209.164
-58,463896052526337;-34,667774312302711;1129;21;32;0;330;EUCALIPTO;EUCALYPTUS SP.;ARBOL LATIFOLIADO PERENNE;INDOAMERICANO;LACARRA, AV. - ESCALADA, AV. - CASTAÃ‘ARES, AV. - FERNANDEZ  DE LA CRUZ, FRANCISCO, GRAL. AV.;MIRTACEAS;EUCALYPTUS;EXOTICO;99.945.389.571;95.728.563.065
-58,463890703115744;-34,667543004645232;1130;21;32;0;330;EUCALIPTO;EUCALYPTUS SP.;ARBOL LATIFOLIADO PERENNE;INDOAMERICANO;LACARRA, AV. - ESCALADA, AV. - CASTAÃ‘ARES, AV. - FERNANDEZ  DE LA CRUZ, FRANCISCO, GRAL. AV.;MIRTACEAS;EUCALYPTUS;EXOTICO;99.945.879.831;95.754.220.009
-58,46389071386583;-34,668294349025267;1131;21;32;0;330;EUCALIPTO;EUCALYPTUS SP.;ARBOL LATIFOLIADO PERENNE;INDOAMERICANO;LACARRA, AV. - ESCALADA, AV. - CASTAÃ‘ARES, AV. - FERNANDEZ  DE LA CRUZ, FRANCISCO, GRAL. AV.;MIRTACEAS;EUCALYPTUS;EXOTICO;99.945.879.831;95.670.875.797
-58,463888851150621;-34,667738976199807;1132;21;32;0;330;EUCALIPTO;EUCALYPTUS SP.;ARBOL LATIFOLIADO PERENNE;INDOAMERICANO;LACARRA, AV. - ESCALADA, AV. - CASTAÃ‘ARES, AV. - FERNANDEZ  DE LA CRUZ, FRANCISCO, GRAL. AV.;MIRTACEAS;EUCALYPTUS;EXOTICO;99.946.043.251;95.732.485.146
-58,463887103468203;-34,6675975413781;1133;21;32;0;330;EUCALIPTO;EUCALYPTUS SP.;ARBOL LATIFOLIADO PERENNE;INDOAMERICANO;LACARRA, AV. - ESCALADA, AV. - CASTAÃ‘ARES, AV. - FERNANDEZ  DE LA CRUZ, FRANCISCO, GRAL. AV.;MIRTACEAS;EUCALYPTUS;EXOTICO;99.946.206.671;95.748.173.468
-58,463887101871201;-34,667485583396349;1134;21;32;0;330;EUCALIPTO;EUCALYPTUS SP.;ARBOL LATIFOLIADO PERENNE;INDOAMERICANO;LACARRA, AV. - ESCALADA, AV. - CASTAÃ‘ARES, AV. - FERNANDEZ  DE LA CRUZ, FRANCISCO, GRAL. AV.;MIRTACEAS;EUCALYPTUS;EXOTICO;99.946.206.671;95.760.593.390
-58,463887101030281;-34,667426629675695;1135;21;32;0;330;EUCALIPTO;EUCALYPTUS SP.;ARBOL LATIFOLIADO PERENNE;INDOAMERICANO;LACARRA, AV. - ESCALADA, AV. - CASTAÃ‘ARES, AV. - FERNANDEZ  DE LA CRUZ, FRANCISCO, GRAL. AV.;MIRTACEAS;EUCALYPTUS;EXOTICO;99.946.206.671;95.767.130.191
-58,463878165835247;-34,668225119098977;1136;21;32;0;330;EUCALIPTO;EUCALYPTUS SP.;ARBOL LATIFOLIADO PERENNE;INDOAMERICANO;LACARRA, AV. - ESCALADA, AV. - CASTAÃ‘ARES, AV. - FERNANDEZ  DE LA CRUZ, FRANCISCO, GRAL. AV.;MIRTACEAS;EUCALYPTUS;EXOTICO;99.947.023.772;95.678.556.538
-58,463876412434217;-34,667678580309428;1137;21;32;0;330;EUCALIPTO;EUCALYPTUS SP.;ARBOL LATIFOLIADO PERENNE;INDOAMERICANO;LACARRA, AV. - ESCALADA, AV. - CASTAÃ‘ARES, AV. - FERNANDEZ  DE LA CRUZ, FRANCISCO, GRAL. AV.;MIRTACEAS;EUCALYPTUS;EXOTICO;99.947.187.192;95.739.185.367
-58,463876416016156;-34,66793197312186;1138;21;32;0;330;EUCALIPTO;EUCALYPTUS SP.;ARBOL LATIFOLIADO PERENNE;INDOAMERICANO;LACARRA, AV. - ESCALADA, AV. - CASTAÃ‘ARES, AV. - FERNANDEZ  DE LA CRUZ, FRANCISCO, GRAL. AV.;MIRTACEAS;EUCALYPTUS;EXOTICO;99.947.187.192;95.711.077.123
-58,463863872028334;-34,66814705514453;1139;21;32;0;330;EUCALIPTO;EUCALYPTUS SP.;ARBOL LATIFOLIADO PERENNE;INDOAMERICANO;LACARRA, AV. - ESCALADA, AV. - CASTAÃ‘ARES, AV. - FERNANDEZ  DE LA CRUZ, FRANCISCO, GRAL. AV.;MIRTACEAS;EUCALYPTUS;EXOTICO;99.948.331.132;95.687.217.799
-58,463862129028541;-34,668338519513725;1140;21;32;0;330;EUCALIPTO;EUCALYPTUS SP.;ARBOL LATIFOLIADO PERENNE;INDOAMERICANO;LACARRA, AV. - ESCALADA, AV. - CASTAÃ‘ARES, AV. - FERNANDEZ  DE LA CRUZ, FRANCISCO, GRAL. AV.;MIRTACEAS;EUCALYPTUS;EXOTICO;99.948.494.552;95.665.973.196
-58,463853170163922;-34,667453222276038;1141;21;32;0;330;EUCALIPTO;EUCALYPTUS SP.;ARBOL LATIFOLIADO PERENNE;INDOAMERICANO;LACARRA, AV. - ESCALADA, AV. - CASTAÃ‘ARES, AV. - FERNANDEZ  DE LA CRUZ, FRANCISCO, GRAL. AV.;MIRTACEAS;EUCALYPTUS;EXOTICO;99.949.311.652;95.764.188.631
-58,463849687270532;-34,668063041728928;1142;21;32;0;330;EUCALIPTO;EUCALYPTUS SP.;ARBOL LATIFOLIADO PERENNE;INDOAMERICANO;LACARRA, AV. - ESCALADA, AV. - CASTAÃ‘ARES, AV. - FERNANDEZ  DE LA CRUZ, FRANCISCO, GRAL. AV.;MIRTACEAS;EUCALYPTUS;EXOTICO;99.949.638.492;95.696.532.741
-58,463849680493546;-34,66757248189883;1143;21;32;0;330;EUCALIPTO;EUCALYPTUS SP.;ARBOL LATIFOLIADO PERENNE;INDOAMERICANO;LACARRA, AV. - ESCALADA, AV. - CASTAÃ‘ARES, AV. - FERNANDEZ  DE LA CRUZ, FRANCISCO, GRAL. AV.;MIRTACEAS;EUCALYPTUS;EXOTICO;99.949.638.492;95.750.951.609
-58,463844337423595;-34,667791980885681;1144;21;32;0;330;EUCALIPTO;EUCALYPTUS SP.;ARBOL LATIFOLIADO PERENNE;INDOAMERICANO;LACARRA, AV. - ESCALADA, AV. - CASTAÃ‘ARES, AV. - FERNANDEZ  DE LA CRUZ, FRANCISCO, GRAL. AV.;MIRTACEAS;EUCALYPTUS;EXOTICO;99.950.128.752;95.726.602.025
-58,463844335276768;-34,66763585269014;1145;21;32;0;330;EUCALIPTO;EUCALYPTUS SP.;ARBOL LATIFOLIADO PERENNE;INDOAMERICANO;LACARRA, AV. - ESCALADA, AV. - CASTAÃ‘ARES, AV. - FERNANDEZ  DE LA CRUZ, FRANCISCO, GRAL. AV.;MIRTACEAS;EUCALYPTUS;EXOTICO;99.950.128.752;95.743.924.548
-58,463844333615825;-34,667515060665423;1146;21;32;0;330;EUCALIPTO;EUCALYPTUS SP.;ARBOL LATIFOLIADO PERENNE;INDOAMERICANO;LACARRA, AV. - ESCALADA, AV. - CASTAÃ‘ARES, AV. - FERNANDEZ  DE LA CRUZ, FRANCISCO, GRAL. AV.;MIRTACEAS;EUCALYPTUS;EXOTICO;99.950.128.752;95.757.324.990
-58,463840738260046;-34,667884828516542;1147;21;32;0;330;EUCALIPTO;EUCALYPTUS SP.;ARBOL LATIFOLIADO PERENNE;INDOAMERICANO;LACARRA, AV. - ESCALADA, AV. - CASTAÃ‘ARES, AV. - FERNANDEZ  DE LA CRUZ, FRANCISCO, GRAL. AV.;MIRTACEAS;EUCALYPTUS;EXOTICO;99.950.455.592;95.716.306.564
-58,463837135363768;-34,667705082812382;1148;21;32;0;330;EUCALIPTO;EUCALYPTUS SP.;ARBOL LATIFOLIADO PERENNE;INDOAMERICANO;LACARRA, AV. - ESCALADA, AV. - CASTAÃ‘ARES, AV. - FERNANDEZ  DE LA CRUZ, FRANCISCO, GRAL. AV.;MIRTACEAS;EUCALYPTUS;EXOTICO;99.950.782.432;95.736.243.807
-58,463830044362957;-34,667761061867459;1149;21;32;0;330;EUCALIPTO;EUCALYPTUS SP.;ARBOL LATIFOLIADO PERENNE;INDOAMERICANO;LACARRA, AV. - ESCALADA, AV. - CASTAÃ‘ARES, AV. - FERNANDEZ  DE LA CRUZ, FRANCISCO, GRAL. AV.;MIRTACEAS;EUCALYPTUS;EXOTICO;99.951.436.112;95.730.033.846
-58,46382470489246;-34,66825162173182;1150;21;32;0;330;EUCALIPTO;EUCALYPTUS SP.;ARBOL LATIFOLIADO PERENNE;INDOAMERICANO;LACARRA, AV. - ESCALADA, AV. - CASTAÃ‘ARES, AV. - FERNANDEZ  DE LA CRUZ, FRANCISCO, GRAL. AV.;MIRTACEAS;EUCALYPTUS;EXOTICO;99.951.926.372;95.675.614.977
-58,463814002237015;-34,667475307749626;1151;21;32;0;330;EUCALIPTO;EUCALYPTUS SP.;ARBOL LATIFOLIADO PERENNE;INDOAMERICANO;LACARRA, AV. - ESCALADA, AV. - CASTAÃ‘ARES, AV. - FERNANDEZ  DE LA CRUZ, FRANCISCO, GRAL. AV.;MIRTACEAS;EUCALYPTUS;EXOTICO;99.952.906.892;95.761.737.330
-58,463810402738197;-34,667544537839177;1152;21;32;0;330;EUCALIPTO;EUCALYPTUS SP.;ARBOL LATIFOLIADO PERENNE;INDOAMERICANO;LACARRA, AV. - ESCALADA, AV. - CASTAÃ‘ARES, AV. - FERNANDEZ  DE LA CRUZ, FRANCISCO, GRAL. AV.;MIRTACEAS;EUCALYPTUS;EXOTICO;99.953.233.733;95.754.056.589
-58,463808657862707;-34,66760349157461;1153;21;32;0;330;EUCALIPTO;EUCALYPTUS SP.;ARBOL LATIFOLIADO PERENNE;INDOAMERICANO;LACARRA, AV. - ESCALADA, AV. - CASTAÃ‘ARES, AV. - FERNANDEZ  DE LA CRUZ, FRANCISCO, GRAL. AV.;MIRTACEAS;EUCALYPTUS;EXOTICO;99.953.397.153;95.747.519.788
-58,463808662749067;-34,667970284657834;1154;21;32;0;330;EUCALIPTO;EUCALYPTUS SP.;ARBOL LATIFOLIADO PERENNE;INDOAMERICANO;LACARRA, AV. - ESCALADA, AV. - CASTAÃ‘ARES, AV. - FERNANDEZ  DE LA CRUZ, FRANCISCO, GRAL. AV.;MIRTACEAS;EUCALYPTUS;EXOTICO;99.953.397.153;95.706.828.202
-58,463805060309767;-34,667820015813923;1155;21;32;0;330;EUCALIPTO;EUCALYPTUS SP.;ARBOL LATIFOLIADO PERENNE;INDOAMERICANO;LACARRA, AV. - ESCALADA, AV. - CASTAÃ‘ARES, AV. - FERNANDEZ  DE LA CRUZ, FRANCISCO, GRAL. AV.;MIRTACEAS;EUCALYPTUS;EXOTICO;99.953.723.993;95.723.497.045
-58,46380331940798;-34,668179417149872;1156;21;32;0;330;EUCALIPTO;EUCALYPTUS SP.;ARBOL LATIFOLIADO PERENNE;INDOAMERICANO;LACARRA, AV. - ESCALADA, AV. - CASTAÃ‘ARES, AV. - FERNANDEZ  DE LA CRUZ, FRANCISCO, GRAL. AV.;MIRTACEAS;EUCALYPTUS;EXOTICO;99.953.887.413;95.683.622.559
-58,463801463459937;-34,668091076738783;1157;21;32;0;330;EUCALIPTO;EUCALYPTUS SP.;ARBOL LATIFOLIADO PERENNE;INDOAMERICANO;LACARRA, AV. - ESCALADA, AV. - CASTAÃ‘ARES, AV. - FERNANDEZ  DE LA CRUZ, FRANCISCO, GRAL. AV.;MIRTACEAS;EUCALYPTUS;EXOTICO;99.954.050.833;95.693.427.760
-58,463797966458984;-34,667662355247039;1158;21;32;0;330;EUCALIPTO;EUCALYPTUS SP.;ARBOL LATIFOLIADO PERENNE;INDOAMERICANO;LACARRA, AV. - ESCALADA, AV. - CASTAÃ‘ARES, AV. - FERNANDEZ  DE LA CRUZ, FRANCISCO, GRAL. AV.;MIRTACEAS;EUCALYPTUS;EXOTICO;99.954.377.673;95.740.982.987
-58,463790766467348;-34,667728700780664;1159;21;32;0;330;EUCALIPTO;EUCALYPTUS SP.;ARBOL LATIFOLIADO PERENNE;INDOAMERICANO;LACARRA, AV. - ESCALADA, AV. - CASTAÃ‘ARES, AV. - FERNANDEZ  DE LA CRUZ, FRANCISCO, GRAL. AV.;MIRTACEAS;EUCALYPTUS;EXOTICO;99.955.031.353;95.733.629.086
-58,463776585418337;-34,667920165272442;1160;21;32;0;330;EUCALIPTO;EUCALYPTUS SP.;ARBOL LATIFOLIADO PERENNE;INDOAMERICANO;LACARRA, AV. - ESCALADA, AV. - CASTAÃ‘ARES, AV. - FERNANDEZ  DE LA CRUZ, FRANCISCO, GRAL. AV.;MIRTACEAS;EUCALYPTUS;EXOTICO;99.956.338.713;95.712.384.483
-58,4637747261553;-34,667572482582614;1161;21;32;0;330;EUCALIPTO;EUCALYPTUS SP.;ARBOL LATIFOLIADO PERENNE;INDOAMERICANO;LACARRA, AV. - ESCALADA, AV. - CASTAÃ‘ARES, AV. - FERNANDEZ  DE LA CRUZ, FRANCISCO, GRAL. AV.;MIRTACEAS;EUCALYPTUS;EXOTICO;99.956.502.133;95.750.951.609
-58,463774725299693;-34,667506227255217;1162;21;32;0;330;EUCALIPTO;EUCALYPTUS SP.;ARBOL LATIFOLIADO PERENNE;INDOAMERICANO;LACARRA, AV. - ESCALADA, AV. - CASTAÃ‘ARES, AV. - FERNANDEZ  DE LA CRUZ, FRANCISCO, GRAL. AV.;MIRTACEAS;EUCALYPTUS;EXOTICO;99.956.502.133;95.758.305.510
-58,463772981253932;-34,667631436317251;1163;21;32;0;330;EUCALIPTO;EUCALYPTUS SP.;ARBOL LATIFOLIADO PERENNE;INDOAMERICANO;LACARRA, AV. - ESCALADA, AV. - CASTAÃ‘ARES, AV. - FERNANDEZ  DE LA CRUZ, FRANCISCO, GRAL. AV.;MIRTACEAS;EUCALYPTUS;EXOTICO;99.956.665.553;95.744.414.808
-58,463764037482662;-34,667846518308544;1164;21;32;0;330;EUCALIPTO;EUCALYPTUS SP.;ARBOL LATIFOLIADO PERENNE;INDOAMERICANO;LACARRA, AV. - ESCALADA, AV. - CASTAÃ‘ARES, AV. - FERNANDEZ  DE LA CRUZ, FRANCISCO, GRAL. AV.;MIRTACEAS;EUCALYPTUS;EXOTICO;99.957.482.653;95.720.555.484
-58,463764032491056;-34,667456107672322;1165;21;32;0;330;EUCALIPTO;EUCALYPTUS SP.;ARBOL LATIFOLIADO PERENNE;INDOAMERICANO;LACARRA, AV. - ESCALADA, AV. - CASTAÃ‘ARES, AV. - FERNANDEZ  DE LA CRUZ, FRANCISCO, GRAL. AV.;MIRTACEAS;EUCALYPTUS;EXOTICO;99.957.482.653;95.763.861.791
-58,46376055147973;-34,668264873370703;1166;21;32;0;330;EUCALIPTO;EUCALYPTUS SP.;ARBOL LATIFOLIADO PERENNE;INDOAMERICANO;LACARRA, AV. - ESCALADA, AV. - CASTAÃ‘ARES, AV. - FERNANDEZ  DE LA CRUZ, FRANCISCO, GRAL. AV.;MIRTACEAS;EUCALYPTUS;EXOTICO;99.957.809.493;95.674.144.197
-58,463760545434894;-34,667790539350634;1167;21;32;0;330;EUCALIPTO;EUCALYPTUS SP.;ARBOL LATIFOLIADO PERENNE;INDOAMERICANO;LACARRA, AV. - ESCALADA, AV. - CASTAÃ‘ARES, AV. - FERNANDEZ  DE LA CRUZ, FRANCISCO, GRAL. AV.;MIRTACEAS;EUCALYPTUS;EXOTICO;99.957.809.493;95.726.765.445
-58,463756943707324;-34,667688857739954;1168;21;32;0;330;EUCALIPTO;EUCALYPTUS SP.;ARBOL LATIFOLIADO PERENNE;INDOAMERICANO;LACARRA, AV. - ESCALADA, AV. - CASTAÃ‘ARES, AV. - FERNANDEZ  DE LA CRUZ, FRANCISCO, GRAL. AV.;MIRTACEAS;EUCALYPTUS;EXOTICO;99.958.136.333;95.738.041.427
-58,463753341373611;-34,667538588887574;1169;21;32;0;330;EUCALIPTO;EUCALYPTUS SP.;ARBOL LATIFOLIADO PERENNE;INDOAMERICANO;LACARRA, AV. - ESCALADA, AV. - CASTAÃ‘ARES, AV. - FERNANDEZ  DE LA CRUZ, FRANCISCO, GRAL. AV.;MIRTACEAS;EUCALYPTUS;EXOTICO;99.958.463.173;95.754.710.269
-58,463751604108971;-34,668203035149681;1170;21;32;0;330;EUCALIPTO;EUCALYPTUS SP.;ARBOL LATIFOLIADO PERENNE;INDOAMERICANO;LACARRA, AV. - ESCALADA, AV. - CASTAÃ‘ARES, AV. - FERNANDEZ  DE LA CRUZ, FRANCISCO, GRAL. AV.;MIRTACEAS;EUCALYPTUS;EXOTICO;99.958.626.593;95.681.007.838
-58,46374625559131;-34,668013013131628;1171;21;32;0;330;EUCALIPTO;EUCALYPTUS SP.;ARBOL LATIFOLIADO PERENNE;INDOAMERICANO;LACARRA, AV. - ESCALADA, AV. - CASTAÃ‘ARES, AV. - FERNANDEZ  DE LA CRUZ, FRANCISCO, GRAL. AV.;MIRTACEAS;EUCALYPTUS;EXOTICO;99.959.116.853;95.702.089.021
-58,463733709991857;-34,668126413503408;1172;21;32;0;330;EUCALIPTO;EUCALYPTUS SP.;ARBOL LATIFOLIADO PERENNE;INDOAMERICANO;LACARRA, AV. - ESCALADA, AV. - CASTAÃ‘ARES, AV. - FERNANDEZ  DE LA CRUZ, FRANCISCO, GRAL. AV.;MIRTACEAS;EUCALYPTUS;EXOTICO;99.960.260.794;95.689.505.679
-58,463733705326106;-34,667750786386229;1173;21;32;0;330;EUCALIPTO;EUCALYPTUS SP.;ARBOL LATIFOLIADO PERENNE;INDOAMERICANO;LACARRA, AV. - ESCALADA, AV. - CASTAÃ‘ARES, AV. - FERNANDEZ  DE LA CRUZ, FRANCISCO, GRAL. AV.;MIRTACEAS;EUCALYPTUS;EXOTICO;99.960.260.794;95.731.177.786
-58,463730212809509;-34,667654964087731;1174;21;32;0;330;EUCALIPTO;EUCALYPTUS SP.;ARBOL LATIFOLIADO PERENNE;INDOAMERICANO;LACARRA, AV. - ESCALADA, AV. - CASTAÃ‘ARES, AV. - FERNANDEZ  DE LA CRUZ, FRANCISCO, GRAL. AV.;MIRTACEAS;EUCALYPTUS;EXOTICO;99.960.587.634;95.741.800.087
-58,463717668521937;-34,667873020833973;1175;21;32;0;330;EUCALIPTO;EUCALYPTUS SP.;ARBOL LATIFOLIADO PERENNE;INDOAMERICANO;LACARRA, AV. - ESCALADA, AV. - CASTAÃ‘ARES, AV. - FERNANDEZ  DE LA CRUZ, FRANCISCO, GRAL. AV.;MIRTACEAS;EUCALYPTUS;EXOTICO;99.961.731.574;95.717.613.924
-58,463714173865597;-34,667600517668248;1176;21;32;0;330;EUCALIPTO;EUCALYPTUS SP.;ARBOL LATIFOLIADO PERENNE;INDOAMERICANO;LACARRA, AV. - ESCALADA, AV. - CASTAÃ‘ARES, AV. - FERNANDEZ  DE LA CRUZ, FRANCISCO, GRAL. AV.;MIRTACEAS;EUCALYPTUS;EXOTICO;99.962.058.414;95.747.846.628
-58,463710577641031;-34,667946667966667;1177;21;32;0;330;EUCALIPTO;EUCALYPTUS SP.;ARBOL LATIFOLIADO PERENNE;INDOAMERICANO;LACARRA, AV. - ESCALADA, AV. - CASTAÃ‘ARES, AV. - FERNANDEZ  DE LA CRUZ, FRANCISCO, GRAL. AV.;MIRTACEAS;EUCALYPTUS;EXOTICO;99.962.385.254;95.709.442.922
-58,463710576246477;-34,667831825405806;1178;21;32;0;330;EUCALIPTO;EUCALYPTUS SP.;ARBOL LATIFOLIADO PERENNE;INDOAMERICANO;LACARRA, AV. - ESCALADA, AV. - CASTAÃ‘ARES, AV. - FERNANDEZ  DE LA CRUZ, FRANCISCO, GRAL. AV.;MIRTACEAS;EUCALYPTUS;EXOTICO;99.962.385.254;95.722.189.684
-58,463710581165799;-34,668236929374608;1179;21;32;0;330;EUCALIPTO;EUCALYPTUS SP.;ARBOL LATIFOLIADO PERENNE;INDOAMERICANO;LACARRA, AV. - ESCALADA, AV. - CASTAÃ‘ARES, AV. - FERNANDEZ  DE LA CRUZ, FRANCISCO, GRAL. AV.;MIRTACEAS;EUCALYPTUS;EXOTICO;99.962.385.254;95.677.249.178
-58,463699882602853;-34,667712475765946;1180;21;32;0;330;EUCALIPTO;EUCALYPTUS SP.;ARBOL LATIFOLIADO PERENNE;INDOAMERICANO;LACARRA, AV. - ESCALADA, AV. - CASTAÃ‘ARES, AV. - FERNANDEZ  DE LA CRUZ, FRANCISCO, GRAL. AV.;MIRTACEAS;EUCALYPTUS;EXOTICO;99.963.365.774;95.735.426.706
-58,463699879965652;-34,667492976826466;1181;21;32;0;330;EUCALIPTO;EUCALYPTUS SP.;ARBOL LATIFOLIADO PERENNE;INDOAMERICANO;LACARRA, AV. - ESCALADA, AV. - CASTAÃ‘ARES, AV. - FERNANDEZ  DE LA CRUZ, FRANCISCO, GRAL. AV.;MIRTACEAS;EUCALYPTUS;EXOTICO;99.963.365.774;95.759.776.290
-58,463692789013187;-34,667559232211964;1182;21;32;0;330;EUCALIPTO;EUCALYPTUS SP.;ARBOL LATIFOLIADO PERENNE;INDOAMERICANO;LACARRA, AV. - ESCALADA, AV. - CASTAÃ‘ARES, AV. - FERNANDEZ  DE LA CRUZ, FRANCISCO, GRAL. AV.;MIRTACEAS;EUCALYPTUS;EXOTICO;99.964.019.454;95.752.422.389
-58,463690936880049;-34,667780263600221;1183;21;32;0;330;EUCALIPTO;EUCALYPTUS SP.;ARBOL LATIFOLIADO PERENNE;INDOAMERICANO;LACARRA, AV. - ESCALADA, AV. - CASTAÃ‘ARES, AV. - FERNANDEZ  DE LA CRUZ, FRANCISCO, GRAL. AV.;MIRTACEAS;EUCALYPTUS;EXOTICO;99.964.182.874;95.727.909.385
-58,4636874443067;-34,6676756072575;1184;21;32;0;330;EUCALIPTO;EUCALYPTUS SP.;ARBOL LATIFOLIADO PERENNE;INDOAMERICANO;LACARRA, AV. - ESCALADA, AV. - CASTAÃ‘ARES, AV. - FERNANDEZ  DE LA CRUZ, FRANCISCO, GRAL. AV.;MIRTACEAS;EUCALYPTUS;EXOTICO;99.964.509.714;95.739.512.207
-58,463676647369461;-34,668046817444854;1185;21;32;0;330;EUCALIPTO;EUCALYPTUS SP.;ARBOL LATIFOLIADO PERENNE;INDOAMERICANO;LACARRA, AV. - ESCALADA, AV. - CASTAÃ‘ARES, AV. - FERNANDEZ  DE LA CRUZ, FRANCISCO, GRAL. AV.;MIRTACEAS;EUCALYPTUS;EXOTICO;99.965.490.234;95.698.330.361
-58,463658858098171;-34,667591684072271;1186;21;32;0;330;EUCALIPTO;EUCALYPTUS SP.;ARBOL LATIFOLIADO PERENNE;INDOAMERICANO;LACARRA, AV. - ESCALADA, AV. - CASTAÃ‘ARES, AV. - FERNANDEZ  DE LA CRUZ, FRANCISCO, GRAL. AV.;MIRTACEAS;EUCALYPTUS;EXOTICO;99.967.124.435;95.748.827.148
-58,463657115502933;-34,66785832796684;1187;21;32;0;330;EUCALIPTO;EUCALYPTUS SP.;ARBOL LATIFOLIADO PERENNE;INDOAMERICANO;LACARRA, AV. - ESCALADA, AV. - CASTAÃ‘ARES, AV. - FERNANDEZ  DE LA CRUZ, FRANCISCO, GRAL. AV.;MIRTACEAS;EUCALYPTUS;EXOTICO;99.967.287.855;95.719.248.124
-58,463657112944318;-34,667635854303725;1188;21;32;0;330;EUCALIPTO;EUCALYPTUS SP.;ARBOL LATIFOLIADO PERENNE;INDOAMERICANO;LACARRA, AV. - ESCALADA, AV. - CASTAÃ‘ARES, AV. - FERNANDEZ  DE LA CRUZ, FRANCISCO, GRAL. AV.;MIRTACEAS;EUCALYPTUS;EXOTICO;99.967.287.855;95.743.924.548
-58,463657111724103;-34,667529755637354;1189;21;32;0;330;EUCALIPTO;EUCALYPTUS SP.;ARBOL LATIFOLIADO PERENNE;INDOAMERICANO;LACARRA, AV. - ESCALADA, AV. - CASTAÃ‘ARES, AV. - FERNANDEZ  DE LA CRUZ, FRANCISCO, GRAL. AV.;MIRTACEAS;EUCALYPTUS;EXOTICO;99.967.287.855;95.755.690.789
-58,463653518405074;-34,668149941556628;1190;21;32;0;330;EUCALIPTO;EUCALYPTUS SP.;ARBOL LATIFOLIADO PERENNE;INDOAMERICANO;LACARRA, AV. - ESCALADA, AV. - CASTAÃ‘ARES, AV. - FERNANDEZ  DE LA CRUZ, FRANCISCO, GRAL. AV.;MIRTACEAS;EUCALYPTUS;EXOTICO;99.967.614.695;95.686.890.959
-58,463651768081981;-34,667743395302878;1191;21;32;0;330;EUCALIPTO;EUCALYPTUS SP.;ARBOL LATIFOLIADO PERENNE;INDOAMERICANO;LACARRA, AV. - ESCALADA, AV. - CASTAÃ‘ARES, AV. - FERNANDEZ  DE LA CRUZ, FRANCISCO, GRAL. AV.;MIRTACEAS;EUCALYPTUS;EXOTICO;99.967.778.115;95.731.994.886
-58,463649915112462;-34,66790105594621;1192;21;32;0;330;EUCALIPTO;EUCALYPTUS SP.;ARBOL LATIFOLIADO PERENNE;INDOAMERICANO;LACARRA, AV. - ESCALADA, AV. - CASTAÃ‘ARES, AV. - FERNANDEZ  DE LA CRUZ, FRANCISCO, GRAL. AV.;MIRTACEAS;EUCALYPTUS;EXOTICO;99.967.941.535;95.714.508.943
-58,46364282425192;-34,667982004681612;1193;21;32;0;330;EUCALIPTO;EUCALYPTUS SP.;ARBOL LATIFOLIADO PERENNE;INDOAMERICANO;LACARRA, AV. - ESCALADA, AV. - CASTAÃ‘ARES, AV. - FERNANDEZ  DE LA CRUZ, FRANCISCO, GRAL. AV.;MIRTACEAS;EUCALYPTUS;EXOTICO;99.968.595.215;95.705.520.842
-58,463641076700171;-34,667815600168389;1194;21;32;0;330;EUCALIPTO;EUCALYPTUS SP.;ARBOL LATIFOLIADO PERENNE;INDOAMERICANO;LACARRA, AV. - ESCALADA, AV. - CASTAÃ‘ARES, AV. - FERNANDEZ  DE LA CRUZ, FRANCISCO, GRAL. AV.;MIRTACEAS;EUCALYPTUS;EXOTICO;99.968.758.635;95.723.987.305
-58,463635729204753;-34,667691833459472;1195;21;32;0;330;EUCALIPTO;EUCALYPTUS SP.;ARBOL LATIFOLIADO PERENNE;INDOAMERICANO;LACARRA, AV. - ESCALADA, AV. - CASTAÃ‘ARES, AV. - FERNANDEZ  DE LA CRUZ, FRANCISCO, GRAL. AV.;MIRTACEAS;EUCALYPTUS;EXOTICO;99.969.248.895;95.737.714.587
-58,463635726869541;-34,667484143292015;1196;21;32;0;330;EUCALIPTO;EUCALYPTUS SP.;ARBOL LATIFOLIADO PERENNE;INDOAMERICANO;LACARRA, AV. - ESCALADA, AV. - CASTAÃ‘ARES, AV. - FERNANDEZ  DE LA CRUZ, FRANCISCO, GRAL. AV.;MIRTACEAS;EUCALYPTUS;EXOTICO;99.969.248.895;95.760.756.810
-58,463607146077088;-34,667886272771185;1197;21;32;0;330;EUCALIPTO;EUCALYPTUS SP.;ARBOL LATIFOLIADO PERENNE;INDOAMERICANO;LACARRA, AV. - ESCALADA, AV. - CASTAÃ‘ARES, AV. - FERNANDEZ  DE LA CRUZ, FRANCISCO, GRAL. AV.;MIRTACEAS;EUCALYPTUS;EXOTICO;99.971.863.615;95.716.143.144
-58,463607143604861;-34,667659472230625;1198;21;32;0;330;EUCALIPTO;EUCALYPTUS SP.;ARBOL LATIFOLIADO PERENNE;INDOAMERICANO;LACARRA, AV. - ESCALADA, AV. - CASTAÃ‘ARES, AV. - FERNANDEZ  DE LA CRUZ, FRANCISCO, GRAL. AV.;MIRTACEAS;EUCALYPTUS;EXOTICO;99.971.863.615;95.741.309.827
-58,463603542501993;-34,6675975438094;1199;21;32;0;330;EUCALIPTO;EUCALYPTUS SP.;ARBOL LATIFOLIADO PERENNE;INDOAMERICANO;LACARRA, AV. - ESCALADA, AV. - CASTAÃ‘ARES, AV. - FERNANDEZ  DE LA CRUZ, FRANCISCO, GRAL. AV.;MIRTACEAS;EUCALYPTUS;EXOTICO;99.972.190.455;95.748.173.468
-58,463603547876062;-34,668092520658973;1200;21;32;0;330;EUCALIPTO;EUCALYPTUS SP.;ARBOL LATIFOLIADO PERENNE;INDOAMERICANO;LACARRA, AV. - ESCALADA, AV. - CASTAÃ‘ARES, AV. - FERNANDEZ  DE LA CRUZ, FRANCISCO, GRAL. AV.;MIRTACEAS;EUCALYPTUS;EXOTICO;99.972.190.455;95.693.264.340
-58,463600054826209;-34,667934860060861;1201;21;32;0;330;EUCALIPTO;EUCALYPTUS SP.;ARBOL LATIFOLIADO PERENNE;INDOAMERICANO;LACARRA, AV. - ESCALADA, AV. - CASTAÃ‘ARES, AV. - FERNANDEZ  DE LA CRUZ, FRANCISCO, GRAL. AV.;MIRTACEAS;EUCALYPTUS;EXOTICO;99.972.517.295;95.710.750.283
-58,463600053009934;-34,667766923096757;1202;21;32;0;330;EUCALIPTO;EUCALYPTUS SP.;ARBOL LATIFOLIADO PERENNE;INDOAMERICANO;LACARRA, AV. - ESCALADA, AV. - CASTAÃ‘ARES, AV. - FERNANDEZ  DE LA CRUZ, FRANCISCO, GRAL. AV.;MIRTACEAS;EUCALYPTUS;EXOTICO;99.972.517.295;95.729.380.166
-58,463594704692881;-34,667560765407366;1203;21;32;0;330;EUCALIPTO;EUCALYPTUS SP.;ARBOL LATIFOLIADO PERENNE;INDOAMERICANO;LACARRA, AV. - ESCALADA, AV. - CASTAÃ‘ARES, AV. - FERNANDEZ  DE LA CRUZ, FRANCISCO, GRAL. AV.;MIRTACEAS;EUCALYPTUS;EXOTICO;99.973.007.556;95.752.258.969
-58,463587506808999;-34,667839127970993;1204;21;32;0;330;EUCALIPTO;EUCALYPTUS SP.;ARBOL LATIFOLIADO PERENNE;INDOAMERICANO;LACARRA, AV. - ESCALADA, AV. - CASTAÃ‘ARES, AV. - FERNANDEZ  DE LA CRUZ, FRANCISCO, GRAL. AV.;MIRTACEAS;EUCALYPTUS;EXOTICO;99.973.661.236;95.721.372.584
-58,463587503305959;-34,667510645783729;1205;21;32;0;330;EUCALIPTO;EUCALYPTUS SP.;ARBOL LATIFOLIADO PERENNE;INDOAMERICANO;LACARRA, AV. - ESCALADA, AV. - CASTAÃ‘ARES, AV. - FERNANDEZ  DE LA CRUZ, FRANCISCO, GRAL. AV.;MIRTACEAS;EUCALYPTUS;EXOTICO;99.973.661.236;95.757.815.250
-58,46358575990336;-34,667722752984673;1206;21;32;0;330;EUCALIPTO;EUCALYPTUS SP.;ARBOL LATIFOLIADO PERENNE;INDOAMERICANO;LACARRA, AV. - ESCALADA, AV. - CASTAÃ‘ARES, AV. - FERNANDEZ  DE LA CRUZ, FRANCISCO, GRAL. AV.;MIRTACEAS;EUCALYPTUS;EXOTICO;99.973.824.656;95.734.282.766
-58,463584018714343;-34,668144082766304;1207;21;32;0;330;EUCALIPTO;EUCALYPTUS SP.;ARBOL LATIFOLIADO PERENNE;INDOAMERICANO;LACARRA, AV. - ESCALADA, AV. - CASTAÃ‘ARES, AV. - FERNANDEZ  DE LA CRUZ, FRANCISCO, GRAL. AV.;MIRTACEAS;EUCALYPTUS;EXOTICO;99.973.988.076;95.687.544.639
-58,463580416891517;-34,668014456734753;1208;21;32;0;330;EUCALIPTO;EUCALYPTUS SP.;ARBOL LATIFOLIADO PERENNE;INDOAMERICANO;LACARRA, AV. - ESCALADA, AV. - CASTAÃ‘ARES, AV. - FERNANDEZ  DE LA CRUZ, FRANCISCO, GRAL. AV.;MIRTACEAS;EUCALYPTUS;EXOTICO;99.974.314.916;95.701.925.601
-58,463564374563582;-34,667631437974727;1209;21;32;0;330;EUCALIPTO;EUCALYPTUS SP.;ARBOL LATIFOLIADO PERENNE;INDOAMERICANO;LACARRA, AV. - ESCALADA, AV. - CASTAÃ‘ARES, AV. - FERNANDEZ  DE LA CRUZ, FRANCISCO, GRAL. AV.;MIRTACEAS;EUCALYPTUS;EXOTICO;99.975.785.696;95.744.414.808
-58,463559028061297;-34,66759168481655;1210;21;32;0;330;EUCALIPTO;EUCALYPTUS SP.;ARBOL LATIFOLIADO PERENNE;INDOAMERICANO;LACARRA, AV. - ESCALADA, AV. - CASTAÃ‘ARES, AV. - FERNANDEZ  DE LA CRUZ, FRANCISCO, GRAL. AV.;MIRTACEAS;EUCALYPTUS;EXOTICO;99.976.275.956;95.748.827.148
-58,463555430888817;-34,667908358252845;1211;21;32;0;330;EUCALIPTO;EUCALYPTUS SP.;ARBOL LATIFOLIADO PERENNE;INDOAMERICANO;LACARRA, AV. - ESCALADA, AV. - CASTAÃ‘ARES, AV. - FERNANDEZ  DE LA CRUZ, FRANCISCO, GRAL. AV.;MIRTACEAS;EUCALYPTUS;EXOTICO;99.976.602.796;95.713.691.843
-58,463553681412463;-34,667537148156278;1212;21;32;0;330;EUCALIPTO;EUCALYPTUS SP.;ARBOL LATIFOLIADO PERENNE;INDOAMERICANO;LACARRA, AV. - ESCALADA, AV. - CASTAÃ‘ARES, AV. - FERNANDEZ  DE LA CRUZ, FRANCISCO, GRAL. AV.;MIRTACEAS;EUCALYPTUS;EXOTICO;99.976.766.216;95.754.873.689
-58,46355193905444;-34,66785977103995;1213;21;32;0;330;EUCALIPTO;EUCALYPTUS SP.;ARBOL LATIFOLIADO PERENNE;INDOAMERICANO;LACARRA, AV. - ESCALADA, AV. - CASTAÃ‘ARES, AV. - FERNANDEZ  DE LA CRUZ, FRANCISCO, GRAL. AV.;MIRTACEAS;EUCALYPTUS;EXOTICO;99.976.929.636;95.719.084.704
-58,463551937244844;-34,667683000030344;1214;21;32;0;330;EUCALIPTO;EUCALYPTUS SP.;ARBOL LATIFOLIADO PERENNE;INDOAMERICANO;LACARRA, AV. - ESCALADA, AV. - CASTAÃ‘ARES, AV. - FERNANDEZ  DE LA CRUZ, FRANCISCO, GRAL. AV.;MIRTACEAS;EUCALYPTUS;EXOTICO;99.976.929.636;95.738.695.107
-58,463550080490968;-34,667488560941166;1215;21;32;0;330;EUCALIPTO;EUCALYPTUS SP.;ARBOL LATIFOLIADO PERENNE;INDOAMERICANO;LACARRA, AV. - ESCALADA, AV. - CASTAÃ‘ARES, AV. - FERNANDEZ  DE LA CRUZ, FRANCISCO, GRAL. AV.;MIRTACEAS;EUCALYPTUS;EXOTICO;99.977.093.056;95.760.266.550
-58,463544739208253;-34,667961452729173;1216;21;32;0;330;EUCALIPTO;EUCALYPTUS SP.;ARBOL LATIFOLIADO PERENNE;INDOAMERICANO;LACARRA, AV. - ESCALADA, AV. - CASTAÃ‘ARES, AV. - FERNANDEZ  DE LA CRUZ, FRANCISCO, GRAL. AV.;MIRTACEAS;EUCALYPTUS;EXOTICO;99.977.583.316;95.707.808.722
-58,463544737488043;-34,667791983329714;1217;21;32;0;330;EUCALIPTO;EUCALYPTUS SP.;ARBOL LATIFOLIADO PERENNE;INDOAMERICANO;LACARRA, AV. - ESCALADA, AV. - CASTAÃ‘ARES, AV. - FERNANDEZ  DE LA CRUZ, FRANCISCO, GRAL. AV.;MIRTACEAS;EUCALYPTUS;EXOTICO;99.977.583.316;95.726.602.025
-58,463535790417225;-34,667738979131435;1218;21;32;0;330;EUCALIPTO;EUCALYPTUS SP.;ARBOL LATIFOLIADO PERENNE;INDOAMERICANO;LACARRA, AV. - ESCALADA, AV. - CASTAÃ‘ARES, AV. - FERNANDEZ  DE LA CRUZ, FRANCISCO, GRAL. AV.;MIRTACEAS;EUCALYPTUS;EXOTICO;99.978.400.416;95.732.485.146
-58,463519750350088;-34,667559233498267;1219;21;32;0;330;EUCALIPTO;EUCALYPTUS SP.;ARBOL LATIFOLIADO PERENNE;INDOAMERICANO;LACARRA, AV. - ESCALADA, AV. - CASTAÃ‘ARES, AV. - FERNANDEZ  DE LA CRUZ, FRANCISCO, GRAL. AV.;MIRTACEAS;EUCALYPTUS;EXOTICO;99.979.871.197;95.752.422.389
-58,463518005659132;-34,66765794042518;1220;21;32;0;330;EUCALIPTO;EUCALYPTUS SP.;ARBOL LATIFOLIADO PERENNE;INDOAMERICANO;LACARRA, AV. - ESCALADA, AV. - CASTAÃ‘ARES, AV. - FERNANDEZ  DE LA CRUZ, FRANCISCO, GRAL. AV.;MIRTACEAS;EUCALYPTUS;EXOTICO;99.980.034.617;95.741.473.247
-58,463516263695219;-34,668035099995812;1221;21;32;0;330;EUCALIPTO;EUCALYPTUS SP.;ARBOL LATIFOLIADO PERENNE;INDOAMERICANO;LACARRA, AV. - ESCALADA, AV. - CASTAÃ‘ARES, AV. - FERNANDEZ  DE LA CRUZ, FRANCISCO, GRAL. AV.;MIRTACEAS;EUCALYPTUS;EXOTICO;99.980.198.037;95.699.637.721
-58,463505566396769;-34,667512088645537;1222;21;32;0;330;EUCALIPTO;EUCALYPTUS SP.;ARBOL LATIFOLIADO PERENNE;INDOAMERICANO;LACARRA, AV. - ESCALADA, AV. - CASTAÃ‘ARES, AV. - FERNANDEZ  DE LA CRUZ, FRANCISCO, GRAL. AV.;MIRTACEAS;EUCALYPTUS;EXOTICO;99.981.178.557;95.757.651.830
-58,463501970061486;-34,667936393181584;1223;21;32;0;330;EUCALIPTO;EUCALYPTUS SP.;ARBOL LATIFOLIADO PERENNE;INDOAMERICANO;LACARRA, AV. - ESCALADA, AV. - CASTAÃ‘ARES, AV. - FERNANDEZ  DE LA CRUZ, FRANCISCO, GRAL. AV.;MIRTACEAS;EUCALYPTUS;EXOTICO;99.981.505.397;95.710.586.863
-58,463501967875033;-34,667709502499569;1224;21;32;0;330;EUCALIPTO;EUCALYPTUS SP.;ARBOL LATIFOLIADO PERENNE;INDOAMERICANO;LACARRA, AV. - ESCALADA, AV. - CASTAÃ‘ARES, AV. - FERNANDEZ  DE LA CRUZ, FRANCISCO, GRAL. AV.;MIRTACEAS;EUCALYPTUS;EXOTICO;99.981.505.397;95.735.753.546
-58,463501967008952;-34,66761962962876;1225;21;32;0;330;EUCALIPTO;EUCALYPTUS SP.;ARBOL LATIFOLIADO PERENNE;INDOAMERICANO;LACARRA, AV. - ESCALADA, AV. - CASTAÃ‘ARES, AV. - FERNANDEZ  DE LA CRUZ, FRANCISCO, GRAL. AV.;MIRTACEAS;EUCALYPTUS;EXOTICO;99.981.505.397;95.745.722.168
-58,46349127832864;-34,667987955216937;1226;21;32;0;330;EUCALIPTO;EUCALYPTUS SP.;ARBOL LATIFOLIADO PERENNE;INDOAMERICANO;LACARRA, AV. - ESCALADA, AV. - CASTAÃ‘ARES, AV. - FERNANDEZ  DE LA CRUZ, FRANCISCO, GRAL. AV.;MIRTACEAS;EUCALYPTUS;EXOTICO;99.982.485.917;95.704.867.162
-58,463482329705656;-34,667768456345122;1227;21;32;0;330;EUCALIPTO;EUCALYPTUS SP.;ARBOL LATIFOLIADO PERENNE;INDOAMERICANO;LACARRA, AV. - ESCALADA, AV. - CASTAÃ‘ARES, AV. - FERNANDEZ  DE LA CRUZ, FRANCISCO, GRAL. AV.;MIRTACEAS;EUCALYPTUS;EXOTICO;99.983.303.017;95.729.216.745
-58,463476984732651;-34,667889248399028;1228;21;32;0;330;EUCALIPTO;EUCALYPTUS SP.;ARBOL LATIFOLIADO PERENNE;INDOAMERICANO;LACARRA, AV. - ESCALADA, AV. - CASTAÃ‘ARES, AV. - FERNANDEZ  DE LA CRUZ, FRANCISCO, GRAL. AV.;MIRTACEAS;EUCALYPTUS;EXOTICO;99.983.793.277;95.715.816.303
-58,463476984113228;-34,667822902931746;1229;21;32;0;330;EUCALIPTO;EUCALYPTUS SP.;ARBOL LATIFOLIADO PERENNE;INDOAMERICANO;LACARRA, AV. - ESCALADA, AV. - CASTAÃ‘ARES, AV. - FERNANDEZ  DE LA CRUZ, FRANCISCO, GRAL. AV.;MIRTACEAS;EUCALYPTUS;EXOTICO;99.983.793.277;95.723.170.205
-58,463473381417188;-34,667579876617403;1230;21;32;0;330;EUCALIPTO;EUCALYPTUS SP.;ARBOL LATIFOLIADO PERENNE;INDOAMERICANO;LACARRA, AV. - ESCALADA, AV. - CASTAÃ‘ARES, AV. - FERNANDEZ  DE LA CRUZ, FRANCISCO, GRAL. AV.;MIRTACEAS;EUCALYPTUS;EXOTICO;99.984.120.117;95.750.134.509
-58,463468036266939;-34,667681558294959;1231;21;32;0;330;EUCALIPTO;EUCALYPTUS SP.;ARBOL LATIFOLIADO PERENNE;INDOAMERICANO;LACARRA, AV. - ESCALADA, AV. - CASTAÃ‘ARES, AV. - FERNANDEZ  DE LA CRUZ, FRANCISCO, GRAL. AV.;MIRTACEAS;EUCALYPTUS;EXOTICO;99.984.610.377;95.738.858.527
-58,46345919849481;-34,667643247447501;1232;21;32;0;330;EUCALIPTO;EUCALYPTUS SP.;ARBOL LATIFOLIADO PERENNE;INDOAMERICANO;LACARRA, AV. - ESCALADA, AV. - CASTAÃ‘ARES, AV. - FERNANDEZ  DE LA CRUZ, FRANCISCO, GRAL. AV.;MIRTACEAS;EUCALYPTUS;EXOTICO;99.985.427.477;95.743.107.448
-58,463459197567204;-34,667541565803084;1233;21;32;0;330;EUCALIPTO;EUCALYPTUS SP.;ARBOL LATIFOLIADO PERENNE;INDOAMERICANO;LACARRA, AV. - ESCALADA, AV. - CASTAÃ‘ARES, AV. - FERNANDEZ  DE LA CRUZ, FRANCISCO, GRAL. AV.;MIRTACEAS;EUCALYPTUS;EXOTICO;99.985.427.477;95.754.383.429
-58,46345025284834;-34,667740421980632;1234;21;32;0;330;EUCALIPTO;EUCALYPTUS SP.;ARBOL LATIFOLIADO PERENNE;INDOAMERICANO;LACARRA, AV. - ESCALADA, AV. - CASTAÃ‘ARES, AV. - FERNANDEZ  DE LA CRUZ, FRANCISCO, GRAL. AV.;MIRTACEAS;EUCALYPTUS;EXOTICO;99.986.244.578;95.732.321.726
-58,463448509131652;-34,667957036336446;1235;21;32;0;330;EUCALIPTO;EUCALYPTUS SP.;ARBOL LATIFOLIADO PERENNE;INDOAMERICANO;LACARRA, AV. - ESCALADA, AV. - CASTAÃ‘ARES, AV. - FERNANDEZ  DE LA CRUZ, FRANCISCO, GRAL. AV.;MIRTACEAS;EUCALYPTUS;EXOTICO;99.986.407.998;95.708.298.982
-58,463448505024324;-34,667500370379784;1236;21;32;0;330;EUCALIPTO;EUCALYPTUS SP.;ARBOL LATIFOLIADO PERENNE;INDOAMERICANO;LACARRA, AV. - ESCALADA, AV. - CASTAÃ‘ARES, AV. - FERNANDEZ  DE LA CRUZ, FRANCISCO, GRAL. AV.;MIRTACEAS;EUCALYPTUS;EXOTICO;99.986.407.998;95.758.959.190
-58,463446654925548;-34,668020316941536;1237;21;32;0;330;EUCALIPTO;EUCALYPTUS SP.;ARBOL LATIFOLIADO PERENNE;INDOAMERICANO;LACARRA, AV. - ESCALADA, AV. - CASTAÃ‘ARES, AV. - FERNANDEZ  DE LA CRUZ, FRANCISCO, GRAL. AV.;MIRTACEAS;EUCALYPTUS;EXOTICO;99.986.571.418;95.701.271.921
-58,463435961662483;-34,667903942011009;1238;21;32;0;330;EUCALIPTO;EUCALYPTUS SP.;ARBOL LATIFOLIADO PERENNE;INDOAMERICANO;LACARRA, AV. - ESCALADA, AV. - CASTAÃ‘ARES, AV. - FERNANDEZ  DE LA CRUZ, FRANCISCO, GRAL. AV.;MIRTACEAS;EUCALYPTUS;EXOTICO;99.987.551.938;95.714.182.103
-58,463432467732893;-34,667609353729745;1239;21;32;0;330;EUCALIPTO;EUCALYPTUS SP.;ARBOL LATIFOLIADO PERENNE;INDOAMERICANO;LACARRA, AV. - ESCALADA, AV. - CASTAÃ‘ARES, AV. - FERNANDEZ  DE LA CRUZ, FRANCISCO, GRAL. AV.;MIRTACEAS;EUCALYPTUS;EXOTICO;99.987.878.778;95.746.866.108
-58,46342712374053;-34,667849495512321;1240;21;32;0;330;EUCALIPTO;EUCALYPTUS SP.;ARBOL LATIFOLIADO PERENNE;INDOAMERICANO;LACARRA, AV. - ESCALADA, AV. - CASTAÃ‘ARES, AV. - FERNANDEZ  DE LA CRUZ, FRANCISCO, GRAL. AV.;MIRTACEAS;EUCALYPTUS;EXOTICO;99.988.369.038;95.720.228.644
-58,463427123328621;-34,667802350567278;1241;21;32;0;330;EUCALIPTO;EUCALYPTUS SP.;ARBOL LATIFOLIADO PERENNE;INDOAMERICANO;LACARRA, AV. - ESCALADA, AV. - CASTAÃ‘ARES, AV. - FERNANDEZ  DE LA CRUZ, FRANCISCO, GRAL. AV.;MIRTACEAS;EUCALYPTUS;EXOTICO;99.988.369.038;95.725.458.085
-58,463418176000182;-34,667710945314759;1242;21;32;0;330;EUCALIPTO;EUCALYPTUS SP.;ARBOL LATIFOLIADO PERENNE;INDOAMERICANO;LACARRA, AV. - ESCALADA, AV. - CASTAÃ‘ARES, AV. - FERNANDEZ  DE LA CRUZ, FRANCISCO, GRAL. AV.;MIRTACEAS;EUCALYPTUS;EXOTICO;99.989.186.138;95.735.590.126
-58,46341108265289;-34,667525340298745;1243;21;32;0;330;EUCALIPTO;EUCALYPTUS SP.;ARBOL LATIFOLIADO PERENNE;INDOAMERICANO;LACARRA, AV. - ESCALADA, AV. - CASTAÃ‘ARES, AV. - FERNANDEZ  DE LA CRUZ, FRANCISCO, GRAL. AV.;MIRTACEAS;EUCALYPTUS;EXOTICO;99.989.839.818;95.756.181.050
-58,463403882215204;-34,667574017723823;1244;21;32;0;330;EUCALIPTO;EUCALYPTUS SP.;ARBOL LATIFOLIADO PERENNE;INDOAMERICANO;LACARRA, AV. - ESCALADA, AV. - CASTAÃ‘ARES, AV. - FERNANDEZ  DE LA CRUZ, FRANCISCO, GRAL. AV.;MIRTACEAS;EUCALYPTUS;EXOTICO;99.990.493.498;95.750.788.189
-58,46340213736142;-34,667669749919945;1245;21;32;0;330;EUCALIPTO;EUCALYPTUS SP.;ARBOL LATIFOLIADO PERENNE;INDOAMERICANO;LACARRA, AV. - ESCALADA, AV. - CASTAÃ‘ARES, AV. - FERNANDEZ  DE LA CRUZ, FRANCISCO, GRAL. AV.;MIRTACEAS;EUCALYPTUS;EXOTICO;99.990.656.918;95.740.165.887
-58,463400285147209;-34,667973172273015;1246;21;32;0;330;EUCALIPTO;EUCALYPTUS SP.;ARBOL LATIFOLIADO PERENNE;INDOAMERICANO;LACARRA, AV. - ESCALADA, AV. - CASTAÃ‘ARES, AV. - FERNANDEZ  DE LA CRUZ, FRANCISCO, GRAL. AV.;MIRTACEAS;EUCALYPTUS;EXOTICO;99.990.820.338;95.706.501.362
-58,463400283350232;-34,667759622800688;1247;21;32;0;330;EUCALIPTO;EUCALYPTUS SP.;ARBOL LATIFOLIADO PERENNE;INDOAMERICANO;LACARRA, AV. - ESCALADA, AV. - CASTAÃ‘ARES, AV. - FERNANDEZ  DE LA CRUZ, FRANCISCO, GRAL. AV.;MIRTACEAS;EUCALYPTUS;EXOTICO;99.990.820.338;95.730.197.266
-58,463386101167231;-34,667923142824108;1248;21;32;0;330;EUCALIPTO;EUCALYPTUS SP.;ARBOL LATIFOLIADO PERENNE;INDOAMERICANO;LACARRA, AV. - ESCALADA, AV. - CASTAÃ‘ARES, AV. - FERNANDEZ  DE LA CRUZ, FRANCISCO, GRAL. AV.;MIRTACEAS;EUCALYPTUS;EXOTICO;99.992.127.698;95.712.057.643
-58,463377153727109;-34,667814069483889;1249;21;32;0;330;EUCALIPTO;EUCALYPTUS SP.;ARBOL LATIFOLIADO PERENNE;INDOAMERICANO;LACARRA, AV. - ESCALADA, AV. - CASTAÃ‘ARES, AV. - FERNANDEZ  DE LA CRUZ, FRANCISCO, GRAL. AV.;MIRTACEAS;EUCALYPTUS;EXOTICO;99.992.944.799;95.724.150.725
-58,463375406566684;-34,667629996875228;1250;21;32;0;330;EUCALIPTO;EUCALYPTUS SP.;ARBOL LATIFOLIADO PERENNE;INDOAMERICANO;LACARRA, AV. - ESCALADA, AV. - CASTAÃ‘ARES, AV. - FERNANDEZ  DE LA CRUZ, FRANCISCO, GRAL. AV.;MIRTACEAS;EUCALYPTUS;EXOTICO;99.993.108.219;95.744.578.228
-58,463373550738595;-34,667498838380787;1251;21;32;0;330;EUCALIPTO;EUCALYPTUS SP.;ARBOL LATIFOLIADO PERENNE;INDOAMERICANO;LACARRA, AV. - ESCALADA, AV. - CASTAÃ‘ARES, AV. - FERNANDEZ  DE LA CRUZ, FRANCISCO, GRAL. AV.;MIRTACEAS;EUCALYPTUS;EXOTICO;99.993.271.639;95.759.122.610
-58,463366460788436;-34,66772275438074;1252;21;32;0;330;EUCALIPTO;EUCALYPTUS SP.;ARBOL LATIFOLIADO PERENNE;INDOAMERICANO;LACARRA, AV. - ESCALADA, AV. - CASTAÃ‘ARES, AV. - FERNANDEZ  DE LA CRUZ, FRANCISCO, GRAL. AV.;MIRTACEAS;EUCALYPTUS;EXOTICO;99.993.925.319;95.734.282.766
-58,463362858935739;-34,667544541093918;1253;21;32;0;330;EUCALIPTO;EUCALYPTUS SP.;ARBOL LATIFOLIADO PERENNE;INDOAMERICANO;LACARRA, AV. - ESCALADA, AV. - CASTAÃ‘ARES, AV. - FERNANDEZ  DE LA CRUZ, FRANCISCO, GRAL. AV.;MIRTACEAS;EUCALYPTUS;EXOTICO;99.994.252.159;95.754.056.589
-58,463355770391992;-34,667951087412973;1254;21;32;0;330;EUCALIPTO;EUCALYPTUS SP.;ARBOL LATIFOLIADO PERENNE;INDOAMERICANO;LACARRA, AV. - ESCALADA, AV. - CASTAÃ‘ARES, AV. - FERNANDEZ  DE LA CRUZ, FRANCISCO, GRAL. AV.;MIRTACEAS;EUCALYPTUS;EXOTICO;99.994.905.839;95.708.952.662
-58,463354022615789;-34,667683001252719;1255;21;32;0;330;EUCALIPTO;EUCALYPTUS SP.;ARBOL LATIFOLIADO PERENNE;INDOAMERICANO;LACARRA, AV. - ESCALADA, AV. - CASTAÃ‘ARES, AV. - FERNANDEZ  DE LA CRUZ, FRANCISCO, GRAL. AV.;MIRTACEAS;EUCALYPTUS;EXOTICO;99.995.069.259;95.738.695.107
-58,463352169325837;-34,667871581044281;1256;21;32;0;330;EUCALIPTO;EUCALYPTUS SP.;ARBOL LATIFOLIADO PERENNE;INDOAMERICANO;LACARRA, AV. - ESCALADA, AV. - CASTAÃ‘ARES, AV. - FERNANDEZ  DE LA CRUZ, FRANCISCO, GRAL. AV.;MIRTACEAS;EUCALYPTUS;EXOTICO;99.995.232.679;95.717.777.344
-58,463350422909926;-34,667775848870733;1257;21;32;0;330;EUCALIPTO;EUCALYPTUS SP.;ARBOL LATIFOLIADO PERENNE;INDOAMERICANO;LACARRA, AV. - ESCALADA, AV. - CASTAÃ‘ARES, AV. - FERNANDEZ  DE LA CRUZ, FRANCISCO, GRAL. AV.;MIRTACEAS;EUCALYPTUS;EXOTICO;99.995.396.099;95.728.399.645
-58,463350421458614;-34,667590153671824;1258;21;32;0;330;EUCALIPTO;EUCALYPTUS SP.;ARBOL LATIFOLIADO PERENNE;INDOAMERICANO;LACARRA, AV. - ESCALADA, AV. - CASTAÃ‘ARES, AV. - FERNANDEZ  DE LA CRUZ, FRANCISCO, GRAL. AV.;MIRTACEAS;EUCALYPTUS;EXOTICO;99.995.396.099;95.748.990.568
-58,46333078220497;-34,66751650669697;1259;21;32;0;330;EUCALIPTO;EUCALYPTUS SP.;ARBOL LATIFOLIADO PERENNE;INDOAMERICANO;LACARRA, AV. - ESCALADA, AV. - CASTAÃ‘ARES, AV. - FERNANDEZ  DE LA CRUZ, FRANCISCO, GRAL. AV.;MIRTACEAS;EUCALYPTUS;EXOTICO;99.997.193.719;95.757.161.570
-58,463318344671592;-34,667556350100462;1260;21;32;0;330;EUCALIPTO;EUCALYPTUS SP.;ARBOL LATIFOLIADO PERENNE;INDOAMERICANO;LACARRA, AV. - ESCALADA, AV. - CASTAÃ‘ARES, AV. - FERNANDEZ  DE LA CRUZ, FRANCISCO, GRAL. AV.;MIRTACEAS;EUCALYPTUS;EXOTICO;99.998.337.659;95.752.749.229
-58,463316490659246;-34,667657941610706;1261;21;32;0;330;EUCALIPTO;EUCALYPTUS SP.;ARBOL LATIFOLIADO PERENNE;INDOAMERICANO;LACARRA, AV. - ESCALADA, AV. - CASTAÃ‘ARES, AV. - FERNANDEZ  DE LA CRUZ, FRANCISCO, GRAL. AV.;MIRTACEAS;EUCALYPTUS;EXOTICO;99.998.501.079;95.741.473.247
-58,463314746313102;-34,667836245065942;1262;21;32;0;330;EUCALIPTO;EUCALYPTUS SP.;ARBOL LATIFOLIADO PERENNE;INDOAMERICANO;LACARRA, AV. - ESCALADA, AV. - CASTAÃ‘ARES, AV. - FERNANDEZ  DE LA CRUZ, FRANCISCO, GRAL. AV.;MIRTACEAS;EUCALYPTUS;EXOTICO;99.998.664.499;95.721.699.424
-58,463307653895328;-34,667747814525313;1263;21;32;0;330;EUCALIPTO;EUCALYPTUS SP.;ARBOL LATIFOLIADO PERENNE;INDOAMERICANO;LACARRA, AV. - ESCALADA, AV. - CASTAÃ‘ARES, AV. - FERNANDEZ  DE LA CRUZ, FRANCISCO, GRAL. AV.;MIRTACEAS;EUCALYPTUS;EXOTICO;99.999.318.179;95.731.504.626
-58,463307653572805;-34,667703644308418;1264;21;32;0;330;EUCALIPTO;EUCALYPTUS SP.;ARBOL LATIFOLIADO PERENNE;INDOAMERICANO;LACARRA, AV. - ESCALADA, AV. - CASTAÃ‘ARES, AV. - FERNANDEZ  DE LA CRUZ, FRANCISCO, GRAL. AV.;MIRTACEAS;EUCALYPTUS;EXOTICO;99.999.318.179;95.736.407.227
-58,463304053792733;-34,667793517195896;1265;21;32;0;330;EUCALIPTO;EUCALYPTUS SP.;ARBOL LATIFOLIADO PERENNE;INDOAMERICANO;LACARRA, AV. - ESCALADA, AV. - CASTAÃ‘ARES, AV. - FERNANDEZ  DE LA CRUZ, FRANCISCO, GRAL. AV.;MIRTACEAS;EUCALYPTUS;EXOTICO;99.999.645.020;95.726.438.605
-58,463302306772263;-34,667606379713298;1266;21;32;0;330;EUCALIPTO;EUCALYPTUS SP.;ARBOL LATIFOLIADO PERENNE;INDOAMERICANO;LACARRA, AV. - ESCALADA, AV. - CASTAÃ‘ARES, AV. - FERNANDEZ  DE LA CRUZ, FRANCISCO, GRAL. AV.;MIRTACEAS;EUCALYPTUS;EXOTICO;99.999.808.440;95.747.192.948
-58,463296962604957;-34,667874465912618;1267;21;32;0;330;EUCALIPTO;EUCALYPTUS SP.;ARBOL LATIFOLIADO PERENNE;INDOAMERICANO;LACARRA, AV. - ESCALADA, AV. - CASTAÃ‘ARES, AV. - FERNANDEZ  DE LA CRUZ, FRANCISCO, GRAL. AV.;MIRTACEAS;EUCALYPTUS;EXOTICO;100.000.298.700;95.717.450.504
-58,463280921906851;-34,667534175032081;1268;21;32;0;330;EUCALIPTO;EUCALYPTUS SP.;ARBOL LATIFOLIADO PERENNE;INDOAMERICANO;LACARRA, AV. - ESCALADA, AV. - CASTAÃ‘ARES, AV. - FERNANDEZ  DE LA CRUZ, FRANCISCO, GRAL. AV.;MIRTACEAS;EUCALYPTUS;EXOTICO;100.001.769.480;95.755.200.529
-58,463275576106653;-34,667575460689939;1269;21;32;0;330;EUCALIPTO;EUCALYPTUS SP.;ARBOL LATIFOLIADO PERENNE;INDOAMERICANO;LACARRA, AV. - ESCALADA, AV. - CASTAÃ‘ARES, AV. - FERNANDEZ  DE LA CRUZ, FRANCISCO, GRAL. AV.;MIRTACEAS;EUCALYPTUS;EXOTICO;100.002.259.740;95.750.624.769
-58,463263030390394;-34,667756648782927;1270;21;32;0;330;EUCALIPTO;EUCALYPTUS SP.;ARBOL LATIFOLIADO PERENNE;INDOAMERICANO;LACARRA, AV. - ESCALADA, AV. - CASTAÃ‘ARES, AV. - FERNANDEZ  DE LA CRUZ, FRANCISCO, GRAL. AV.;MIRTACEAS;EUCALYPTUS;EXOTICO;100.003.403.680;95.730.524.106
-58,46325942935156;-34,667666775929355;1271;21;32;0;330;EUCALIPTO;EUCALYPTUS SP.;ARBOL LATIFOLIADO PERENNE;INDOAMERICANO;LACARRA, AV. - ESCALADA, AV. - CASTAÃ‘ARES, AV. - FERNANDEZ  DE LA CRUZ, FRANCISCO, GRAL. AV.;MIRTACEAS;EUCALYPTUS;EXOTICO;100.003.730.520;95.740.492.727
-58,463254084090984;-34,667791984997123;1272;21;32;0;330;EUCALIPTO;EUCALYPTUS SP.;ARBOL LATIFOLIADO PERENNE;INDOAMERICANO;LACARRA, AV. - ESCALADA, AV. - CASTAÃ‘ARES, AV. - FERNANDEZ  DE LA CRUZ, FRANCISCO, GRAL. AV.;MIRTACEAS;EUCALYPTUS;EXOTICO;100.004.220.780;95.726.602.025
-58,463250591121792;-34,667544541652646;1273;21;32;0;330;EUCALIPTO;EUCALYPTUS SP.;ARBOL LATIFOLIADO PERENNE;INDOAMERICANO;LACARRA, AV. - ESCALADA, AV. - CASTAÃ‘ARES, AV. - FERNANDEZ  DE LA CRUZ, FRANCISCO, GRAL. AV.;MIRTACEAS;EUCALYPTUS;EXOTICO;100.004.547.620;95.754.056.589
-58,463248737454343;-34,667710946195115;1274;21;32;0;330;EUCALIPTO;EUCALYPTUS SP.;ARBOL LATIFOLIADO PERENNE;INDOAMERICANO;LACARRA, AV. - ESCALADA, AV. - CASTAÃ‘ARES, AV. - FERNANDEZ  DE LA CRUZ, FRANCISCO, GRAL. AV.;MIRTACEAS;EUCALYPTUS;EXOTICO;100.004.711.040;95.735.590.126
-58,463239899254873;-34,667591686647476;1275;21;32;0;330;EUCALIPTO;EUCALYPTUS SP.;ARBOL LATIFOLIADO PERENNE;INDOAMERICANO;LACARRA, AV. - ESCALADA, AV. - CASTAÃ‘ARES, AV. - FERNANDEZ  DE LA CRUZ, FRANCISCO, GRAL. AV.;MIRTACEAS;EUCALYPTUS;EXOTICO;100.005.528.140;95.748.827.148
-58,463236299035877;-34,667624048108635;1276;21;32;0;330;EUCALIPTO;EUCALYPTUS SP.;ARBOL LATIFOLIADO PERENNE;INDOAMERICANO;LACARRA, AV. - ESCALADA, AV. - CASTAÃ‘ARES, AV. - FERNANDEZ  DE LA CRUZ, FRANCISCO, GRAL. AV.;MIRTACEAS;EUCALYPTUS;EXOTICO;100.005.854.980;95.745.231.908
-58,46322200678469;-34,667681559596645;1277;21;32;0;330;EUCALIPTO;EUCALYPTUS SP.;ARBOL LATIFOLIADO PERENNE;INDOAMERICANO;LACARRA, AV. - ESCALADA, AV. - CASTAÃ‘ARES, AV. - FERNANDEZ  DE LA CRUZ, FRANCISCO, GRAL. AV.;MIRTACEAS;EUCALYPTUS;EXOTICO;100.007.162.341;95.738.858.527
-58,464899815821049;-34,667983520916657;1278;1;20;0;330;EUCALIPTO;EUCALYPTUS SP.;ARBOL LATIFOLIADO PERENNE;INDOAMERICANO;LACARRA, AV. - ESCALADA, AV. - CASTAÃ‘ARES, AV. - FERNANDEZ  DE LA CRUZ, FRANCISCO, GRAL. AV.;MIRTACEAS;EUCALYPTUS;EXOTICO;99.853.384.097;95.705.357.422
-58,464865997757045;-34,668148483751587;1279;1;20;0;330;EUCALIPTO;EUCALYPTUS SP.;ARBOL LATIFOLIADO PERENNE;INDOAMERICANO;LACARRA, AV. - ESCALADA, AV. - CASTAÃ‘ARES, AV. - FERNANDEZ  DE LA CRUZ, FRANCISCO, GRAL. AV.;MIRTACEAS;EUCALYPTUS;EXOTICO;99.856.489.078;95.687.054.379
-58,464849960790445;-34,668203020727816;1280;1;20;0;330;EUCALIPTO;EUCALYPTUS SP.;ARBOL LATIFOLIADO PERENNE;INDOAMERICANO;LACARRA, AV. - ESCALADA, AV. - CASTAÃ‘ARES, AV. - FERNANDEZ  DE LA CRUZ, FRANCISCO, GRAL. AV.;MIRTACEAS;EUCALYPTUS;EXOTICO;99.857.959.858;95.681.007.838
-58,464849956223667;-34,668026249728257;1281;1;20;0;330;EUCALIPTO;EUCALYPTUS SP.;ARBOL LATIFOLIADO PERENNE;INDOAMERICANO;LACARRA, AV. - ESCALADA, AV. - CASTAÃ‘ARES, AV. - FERNANDEZ  DE LA CRUZ, FRANCISCO, GRAL. AV.;MIRTACEAS;EUCALYPTUS;EXOTICO;99.857.959.858;95.700.618.241
-58,464817775888662;-34,668241332190433;1282;1;20;0;330;EUCALIPTO;EUCALYPTUS SP.;ARBOL LATIFOLIADO PERENNE;INDOAMERICANO;LACARRA, AV. - ESCALADA, AV. - CASTAÃ‘ARES, AV. - FERNANDEZ  DE LA CRUZ, FRANCISCO, GRAL. AV.;MIRTACEAS;EUCALYPTUS;EXOTICO;99.860.901.419;95.676.758.918
-58,464805333440147;-34,668063028971424;1283;1;20;0;330;EUCALIPTO;EUCALYPTUS SP.;ARBOL LATIFOLIADO PERENNE;INDOAMERICANO;LACARRA, AV. - ESCALADA, AV. - CASTAÃ‘ARES, AV. - FERNANDEZ  DE LA CRUZ, FRANCISCO, GRAL. AV.;MIRTACEAS;EUCALYPTUS;EXOTICO;99.862.045.359;95.696.532.741
-58,464796390287759;-34,668198604639421;1284;1;20;0;330;EUCALIPTO;EUCALYPTUS SP.;ARBOL LATIFOLIADO PERENNE;INDOAMERICANO;LACARRA, AV. - ESCALADA, AV. - CASTAÃ‘ARES, AV. - FERNANDEZ  DE LA CRUZ, FRANCISCO, GRAL. AV.;MIRTACEAS;EUCALYPTUS;EXOTICO;99.862.862.459;95.681.498.098
-58,464783954272875;-34,668275136507717;1285;1;20;0;330;EUCALIPTO;EUCALYPTUS SP.;ARBOL LATIFOLIADO PERENNE;INDOAMERICANO;LACARRA, AV. - ESCALADA, AV. - CASTAÃ‘ARES, AV. - FERNANDEZ  DE LA CRUZ, FRANCISCO, GRAL. AV.;MIRTACEAS;EUCALYPTUS;EXOTICO;99.864.006.399;95.673.000.257
-58,464753619005052;-34,668107200067801;1286;1;20;0;330;EUCALIPTO;EUCALYPTUS SP.;ARBOL LATIFOLIADO PERENNE;INDOAMERICANO;LACARRA, AV. - ESCALADA, AV. - CASTAÃ‘ARES, AV. - FERNANDEZ  DE LA CRUZ, FRANCISCO, GRAL. AV.;MIRTACEAS;EUCALYPTUS;EXOTICO;99.866.784.539;95.691.630.140
-58,464746532137752;-34,668307588726563;1287;1;20;0;330;EUCALIPTO;EUCALYPTUS SP.;ARBOL LATIFOLIADO PERENNE;INDOAMERICANO;LACARRA, AV. - ESCALADA, AV. - CASTAÃ‘ARES, AV. - FERNANDEZ  DE LA CRUZ, FRANCISCO, GRAL. AV.;MIRTACEAS;EUCALYPTUS;EXOTICO;99.867.438.220;95.669.405.016